|created_at|iso_language|job_id|source|text|tweet_id_str
0|2017-04-25 16:24:45|en|1|Twitter Web Client|"#Redskins need to add to their pass rush. Missouri OLB Charles Harris is a good fit: ""I got here by sacking the QB"" https://t.co/pczMsqz509"|856906838004178945
1|2017-04-25 16:24:21|en|1|Crowdfire - Go Big|"Missouri Cowboy Poets Association event - Story
https://t.co/gVnymnjRM8&amp; https://t.co/RwEUpgLN34"|856906737718358016
2|2017-04-25 16:24:21|en|1|Twitter for iPhone|@bmark5472 @ChrisBragdon @SwolenBrain @ebell_missouri @Ram09221956 @martyfeira @SamMorr83129601 I got called for jury duty, I'm hating today|856906736208183296
3|2017-04-25 16:24:10|en|1|dlvr.it|Lincoln University, State Tech still looking for core cuts https://t.co/ZZ347WIX0j|856906692956520452
4|2017-04-25 16:24:10|en|1|Twitter for iPhone|RT @notmagicscience: TEACHERS: Working &amp; RETIRED. Pay ATTENTION Is Missouri‚Äôs Teacher Pension Next? https://t.co/mYzIrg48vn|856906692315025408
5|2017-04-25 16:24:06|en|1|Twitter for iPhone|RT @kwoodschools: US News and World Report ranked @KirkwoodHS #5 in the state on the 2017 U.S. News Best High School list! Congrats! https:‚Ä¶|856906675399380993
6|2017-04-25 16:23:58|en|1|Twitter for iPhone|RT @ValleyHush: KANSAS CITY MAY 5. Stoked to play @motmfest w/such a killer lineup üå∏üíìüåø @ Kansas City, Missouri https://t.co/rw1ynO9k90|856906641765273600
7|2017-04-25 16:23:53|en|1|Twitter for iPhone|@darlingmoon I'm working about 30 miles from Missouri today. I'll wave if I get closer, lol https://t.co/JsqsG08VV3|856906621594861569
8|2017-04-25 16:23:53|en|1|Twitter for Mac|RT @ValleyHush: KANSAS CITY MAY 5. Stoked to play @motmfest w/such a killer lineup üå∏üíìüåø @ Kansas City, Missouri https://t.co/rw1ynO9k90|856906619761942532
9|2017-04-25 16:23:47|en|1|Twitter for iPhone|RT @jrosenbaum: . @EricGreitens has appointed Jackson County Judge Brent Powell to the Missouri Supreme Court: https://t.co/z6tPHQw6Kk|856906594172489728
10|2017-04-25 16:23:27|en|1|Twitter for iPhone|Wait...university of Missouri just crossed 125 AKA's last night..Sheesh!|856906509866999810
11|2017-04-25 16:23:22|en|1|Twitter for Android|"RT @MotherJones: ""It is going to basically decimate the entire family planning network across the state."" https://t.co/qlIVnElsna"|856906488400445442
12|2017-04-25 16:23:06|en|1|Twitter for Android|@matthew_west Happy Birthday, Matthew! üéâüéà Hope you have a great day! üòÉ|856906422029877250
13|2017-04-25 16:23:04|en|1|Twitter Web Client|#Missouri licking #roleplay #hotgirl stockings sexymom #love #orgazm kinky titfuck https://t.co/M42OZTSMMq|856906416224862212
14|2017-04-25 16:22:42|en|1|Twitter for iPhone|@bmark5472 @ChrisBragdon @SwolenBrain @ebell_missouri @Ram09221956 @martyfeira @SamMorr83129601 Yup maybe worse|856906321509007361
15|2017-04-25 16:22:10|en|1|Twitter for iPhone|@bmark5472 @SwolenBrain @ChrisBragdon @ebell_missouri @Ram09221956 @martyfeira @SamMorr83129601 Oh hell no, lmao|856906188692140032
16|2017-04-25 16:22:09|en|1|Twitter for Android|@Sara_Paxton Happy Birthday, Sara! üéâüéà Hope you have a fantastic day! üòÉ|856906182597980163
17|2017-04-25 16:22:08|en|1|Twitter for iPhone|RT @MichaelOsipoff: Can confirm Missouri Valley Conference officials are visiting #Valparaiso today, per source. Believe first reported by‚Ä¶|856906180932907008
18|2017-04-25 16:21:41|en|1|Twitter for Android|RT @Charles_AO1: Path to the Pros 2017: Charles Harris, Missouri DE https://t.co/5V2BnhxgsZ via @YouTube|856906064603656192
19|2017-04-25 16:21:34|en|1|Twitter for iPhone|RT @jrosenbaum: . @EricGreitens has appointed Jackson County Judge Brent Powell to the Missouri Supreme Court: https://t.co/z6tPHQw6Kk|856906037751840769
20|2017-04-25 16:21:21|en|1|TweetDeck|Judge Brent Powell will be an outstanding addition to #SCOMO! Great day for the Missouri judiciary.|856905983104299008
21|2017-04-25 16:21:18|en|1|Facebook|Governor Greitens Appoints Judge Brent Powell to the Missouri Supreme Court https://t.co/G0uUpKq3K5|856905970580172801
22|2017-04-25 16:21:12|en|1|Twitter Web Client|RT @MOEducation: #InTheNews via @stltoday: Parents as Teachers to expand in Missouri with $319,000 grant #PAT https://t.co/kvTi61vk0R|856905946299342849
23|2017-04-25 16:21:09|en|1|Twitter for Android|@GrumpyLGoodman Happy Birthday, Len! üéâüéà Hope you have a great day! üòÉ|856905934408474624
24|2017-04-25 16:21:09|en|1|Twitter for Android|RT @tpovio: @kurteichenwald Do Confederate apologists not know about the Missouri Compromise, the Compromise of 1850, and Bleeding Kansas.‚Ä¶|856905930566455296
25|2017-04-25 16:21:05|en|1|Twitter for Android|RT @ColumbiaColg: The CC Nursing Class of 2017 raised $400 for the Central Missouri Honor Flight as part of the class' community project. #‚Ä¶|856905917610283008
26|2017-04-25 16:20:43|en|1|Twitter for iPhone|RT @MssuWbb: Congratulations to @morganrachael_  for being accepted into the Missouri Southern's Honor Program!!! https://t.co/mT2TWlfBgT|856905825247539200
27|2017-04-25 16:20:40|en|1|Twitter for iPhone|RT @MentionME: Dear Missouri Greek life ..... It was fun while it lasted. AMEN and FAREWELL 124! https://t.co/bVAgMnby3b|856905809208455170
28|2017-04-25 16:20:37|en|1|LinkedIn|Logistics Company Expands In Missouri, Adds 250 Jobs https://t.co/Y3RH4GqLLY|856905796592041985
29|2017-04-25 16:20:25|en|1|Twitter for iPhone|"RT @sbubearcats: We take on Central Missouri today at 2pm at Dodson Field! 

#BearcatRoar https://t.co/vZzonRGyNu"|856905747153727489
30|2017-04-25 16:20:09|en|1|Hootsuite|5 Things You Need to Be Pre-Approved For a Mortgage. https://t.co/6ozRJIouEk  #Homeloans  #Kansas #missouri üëâ Call‚Ä¶ https://t.co/XPgkLUsVU7|856905680732774401
31|2017-04-25 16:20:07|en|1|Twitter Web Client|Proud to support the Missouri Plan! Thanks to @MoHumanities for allowing us to feature this exhibit in our lobby.‚Ä¶ https://t.co/xlE1c0C8y3|856905673212350464
32|2017-04-25 16:20:04|en|1|Twitter Web Client|In his first Missouri Supreme Court appointment, Gov. @EricGreitens names Judge Brent Powell of Kansas City to state's top court.|856905661103452161
33|2017-04-25 16:19:44|en|1|Twitter for iPhone|RT @KyleNaughtonJr: Y'all see a surplus of Ks. I see a surplus of niggas in Missouri drivin their girl's car with AKA tags on it while she'‚Ä¶|856905574650458113
34|2017-04-25 16:19:43|en|1|TweetDeck|RT @KyleNaughtonJr: Y'all see a surplus of Ks. I see a surplus of niggas in Missouri drivin their girl's car with AKA tags on it while she'‚Ä¶|856905572930682885
35|2017-04-25 16:19:39|en|1|Twitter for iPhone|RT @power_lift: Joe Quinlin and the Northwest Missouri State University staff do a great job of getting the Bearcats ready to... https://t.‚Ä¶|856905556610646016
36|2017-04-25 16:19:38|en|1|Sprinklr|Tune in now to @kolr10kozl for our #HeartWalkSGF news segment! We're up next! https://t.co/IrU4icV6pm https://t.co/OrybJnTiQA|856905550625480705
37|2017-04-25 16:19:30|en|1|Twitter for Android|RT @ezmoneyquez: Extremely Blessed to receive an offer from The University of Missouri https://t.co/InmSjUzQAf|856905518237065216
38|2017-04-25 16:19:30|en|1|Twitter for iPhone|@spicedevilz @FrostyBullet @fantethecreator South? As in south of Missouri? No, no one calls it Chiraq. &amp; if they d‚Ä¶ https://t.co/pLl3KeMRUk|856905517700190208
39|2017-04-25 16:19:23|en|1|TweetDeck|RT @badgalfibi: a bitch is only gonna be super duper opinionated about another female when she's intimidated üíÖüèºüíÖüèºüíÖüèº|856905489430396928
40|2017-04-25 16:19:18|en|1|Twitter for Android|"RT @HopMacross: ""Everything that we see is a shadow cast by that which we do not see."" MLK, Jr. @ Ferguson, Missouri https://t.co/C9nvm3R5zM"|856905467112468481
41|2017-04-25 16:19:16|en|1|Twitter for iPhone|"@JoyLHaney Thank you, Sister Haney.
Love you and miss seeing you.  We are looking forward to your daughter speaking‚Ä¶ https://t.co/Zdluae8cGA"|856905460556988416
42|2017-04-25 16:19:13|en|1|Twitter for iPhone|RT @KyleNaughtonJr: Y'all see a surplus of Ks. I see a surplus of niggas in Missouri drivin their girl's car with AKA tags on it while she'‚Ä¶|856905446115987456
43|2017-04-25 16:19:10|und|1|TweetDeck|RT @badgalfibi: https://t.co/Td4fujnIFV|856905434942263296
44|2017-04-25 16:19:06|en|1|Twitter for iPhone|RT @KyleNaughtonJr: Y'all see a surplus of Ks. I see a surplus of niggas in Missouri drivin their girl's car with AKA tags on it while she'‚Ä¶|856905418081173505
45|2017-04-25 16:19:05|en|1|Twitter for iPhone|"RT @MotherJones: ""It is going to basically decimate the entire family planning network across the state."" https://t.co/qlIVnElsna"|856905413467541504
46|2017-04-25 16:19:02|en|1|Twitter Web Client|"RT @BalanceScalesMO: The #MOleg is working to make MO's consumer protections some of ""the worst"" in the country. That's wrong. READ: https:‚Ä¶"|856905400125464580
47|2017-04-25 16:18:44|und|1|Twitter for iPhone|@brycebunton https://t.co/JWUrVeJjG0|856905322967031809
48|2017-04-25 16:18:38|en|1|Twitter for Android|RT @judicialnetwork: #NeilGorsuch asked only a few questions in case of Missouri church denied state funds for a playground https://t.co/7B‚Ä¶|856905300137332736
49|2017-04-25 16:18:22|en|1|circlepix|See a virtual tour of my newest #listing 612 Missouri #Borger #TX  https://t.co/DBgo5NApao https://t.co/6KNnrOc62b|856905232277577728
50|2017-04-25 16:18:15|en|1|Twitter for iPhone|RT @ezmoneyquez: Extremely Blessed to receive an offer from The University of Missouri https://t.co/InmSjUzQAf|856905203542622208
51|2017-04-25 16:18:13|en|1|Twitter for iPhone|Can confirm Missouri Valley Conference officials are visiting #Valparaiso today, per source. Believe first reported by @DaveReynolds2.|856905192415019008
52|2017-04-25 16:18:10|en|1|HubSpot|Traci and Shana are at the Missouri County Collectors‚Äô Association Annual Conference today, if you are there stop o‚Ä¶ https://t.co/rsLlJrWoQK|856905180696240129
53|2017-04-25 16:17:45|en|1|Twitter Web Client|RT @joehoopsreport: Illinois State picks up a terrific Missouri Valley Conference prospect in Taylor Bruninga of Illini Bluffs, a 6-8 senio‚Ä¶|856905078011285505
54|2017-04-25 16:17:43|en|1|Twitter Web Client|Congratulations to Missouri's Worldwide Youth in Science and Engineering champs! https://t.co/sopgeOSKa3|856905067714228224
55|2017-04-25 16:17:38|en|1|Twitter for iPhone|RT @MentionME: Dear Missouri Greek life ..... It was fun while it lasted. AMEN and FAREWELL 124! https://t.co/bVAgMnby3b|856905046327427073
56|2017-04-25 16:17:30|en|1|Twitter Web Client|. @EricGreitens has appointed Jackson County Judge Brent Powell to the Missouri Supreme Court: https://t.co/z6tPHQw6Kk|856905013163159552
57|2017-04-25 16:17:28|en|1|Twitter Web Client|"Missouri Eagle Forum presents, ""Liberty and Property"" with Dan Ford - May 4th! https://t.co/WtPKU17xQ6 via #constantcontact"|856905007127564289
58|2017-04-25 16:17:21|en|1|TweetMyJOBS|If you're looking for work in #Rolla, Missouri, check out this #job: https://t.co/1JYLzmYBhW #Nursing #Hiring|856904977721073664
59|2017-04-25 16:17:08|en|1|Twitter Web Client|.@EricGreitens Appoints Judge Brent Powell to the Missouri Supreme Court #moleg|856904920443871232
60|2017-04-25 16:17:07|en|1|TweetCaster for Android|RT @newsmax: Mexican Wolf Pup in Missouri Raises Hope for Breed https://t.co/iVxdT5mNYd|856904917931438089
61|2017-04-25 16:17:04|en|1|Twitter for Android|@Billrollins6 @SwolenBrain @ChrisBragdon @ebell_missouri @Ram09221956 @martyfeira @SamMorr83129601 Morning King , B‚Ä¶ https://t.co/z0p8b1A7lk|856904905197371392
62|2017-04-25 16:17:02|en|1|Twitter for iPhone|RT @kwoodschools: US News and World Report ranked @KirkwoodHS #5 in the state on the 2017 U.S. News Best High School list! Congrats! https:‚Ä¶|856904897723236352
63|2017-04-25 16:16:53|en|1|Twitter for iPhone|RT @thcuniversity: Keep pushing forward! https://t.co/CA7OpVG3A5|856904858011656194
64|2017-04-25 16:16:38|en|1|Twitter Web Client|RT @thcuniversity: Keep pushing forward! https://t.co/CA7OpVG3A5|856904795021508608
65|2017-04-25 16:16:33|en|1|Twitter for iPhone|RT @MentionME: Dear Missouri Greek life ..... It was fun while it lasted. AMEN and FAREWELL 124! https://t.co/bVAgMnby3b|856904773940989954
66|2017-04-25 16:16:27|en|1|Twitter for iPhone|"RT @aclu_mo: Former Fox News anchor Gretchen Carlson speaks out against Missouri bills https://t.co/rb64t4XOR6

Tell #MoLeg to say no to #S‚Ä¶"|856904749777420288
67|2017-04-25 16:16:23|en|1|Twitter Web Client|Guest commentary: Bad tax policy at the core of Missouri‚Äôs budget problems https://t.co/w4WQZTZFsO|856904734967574528
68|2017-04-25 16:16:19|en|1|Twitter for Android|"RT @aclu_mo: Former Fox News anchor Gretchen Carlson speaks out against Missouri bills https://t.co/rb64t4XOR6

Tell #MoLeg to say no to #S‚Ä¶"|856904716982378498
69|2017-04-25 16:16:17|en|1|Twitter Web Client|CEO @jsebree shares #Missouri's strong numbers in early Spring! #MissouriHomeMatters https://t.co/4S7jII53lz #MissouriHomeMatters|856904709252239361
70|2017-04-25 16:16:09|en|1|Twitter for iPhone|RT @ezmoneyquez: Extremely Blessed to receive an offer from The University of Missouri https://t.co/InmSjUzQAf|856904675139911681
71|2017-04-25 16:15:56|en|1|Twitter Web Client|RT @PamelaGeller: Missouri School of Journalism Prof: NRA More Dangerous Than Islamic State https://t.co/s35wpPDhdt https://t.co/t0U2magd1G|856904621255794688
72|2017-04-25 16:15:48|en|1|Aeries 2|RT @IAmJericho: Sparkle boy..... #WWEKansasCity @ Kansas City, Missouri https://t.co/v1vlfC0QTy|856904586401021952
73|2017-04-25 16:15:44|und|1|Twitter for iPhone|https://t.co/fpdvVwr2Q5|856904568902496257
74|2017-04-25 16:15:34|en|1|Hootsuite|early morning Cityscape of St. Louis skyline in Missouri state Photograph by Alex Grichenko https://t.co/WkWSaEW4mX|856904527777345536
75|2017-04-25 16:15:30|en|1|Facebook|Life is soooo fckin unpredictable.. like Missouri weather..  all I know is I just never crack under... https://t.co/exKZPmgG6Z|856904509469188096
76|2017-04-25 16:15:21|en|1|Buffer|Keep pushing forward! https://t.co/CA7OpVG3A5|856904474639687681
77|2017-04-25 16:15:16|en|1|Hootsuite|#InTheNews via @stltoday: Parents as Teachers to expand in Missouri with $319,000 grant #PAT https://t.co/kvTi61vk0R|856904452053360642
78|2017-04-25 16:15:08|en|1|Hootsuite|The #Missouri House passed a bill to prohibit donating fetal tissue from an abortion for scientific research https://t.co/7OFtnAxovt|856904418943537152
79|2017-04-25 16:15:04|en|1|Twitter for iPhone|@MonicatheMedium Will you be coming to St.Louis Missouri??|856904402795462657
80|2017-04-25 16:15:02|en|1|Twitter Lite|RT @CoMo_kristin: in the @MomsDemand booth at Columbia's #EarthDay fest, where volunteers signed up new #Missouri supporters in the fight t‚Ä¶|856904394457194496
81|2017-04-25 16:15:00|en|1|TweetDeck|Help spread awareness of the importance of immunizations. #VaccinesWork https://t.co/FjsFyJ7XbN|856904386353668096
82|2017-04-25 16:14:50|en|1|Twitter for Android|RT @judicialnetwork: #NeilGorsuch could cast the tie-breaking vote in Missouri church #SCOTUS case https://t.co/bkTvzNINX6|856904344808988672
83|2017-04-25 16:14:45|en|1|Twitter for Android|RT @CAFNRNews: .@cafnr division directors help keep college moving forward and true to its mission: https://t.co/KJ4TFqhTOe #agriculture #l‚Ä¶|856904323359440901
84|2017-04-25 16:14:42|en|1|Twitter for iPhone|Missouri stay taking L's ü§¶üèø‚Äç‚ôÇÔ∏è https://t.co/7lDcA8Derv|856904309203771393
85|2017-04-25 16:14:38|en|1|Twitter for iPhone|RT @ezmoneyquez: Extremely Blessed to receive an offer from The University of Missouri https://t.co/InmSjUzQAf|856904290899812355
86|2017-04-25 16:14:36|en|1|Twitter for iPhone|RT @FunLakeMO: Spring is feelin' a lot like summer. #LakeoftheOzarks #Missouri #funlake https://t.co/V63pOonbeh|856904285505847299
87|2017-04-25 16:14:31|en|1|Twitter for iPhone|‚ÄúMissing/runaway: 16-year-old Sadie Bay‚Äù from Kansas City Missouri Police Dept. : Nixle https://t.co/NrJ4gbre9c|856904263452307460
88|2017-04-25 16:14:25|en|1|Facebook|"Published on Apr 24, 2017
Sargent Major Dan Page, speaking to the St. Louis/St. Charles, Missouri Chapter of Oath... https://t.co/yYWfHtoCPf"|856904240043831298
89|2017-04-25 16:14:20|und|1|Twitter for iPhone|RT @genwhypod: https://t.co/4gGYZaHt9g  #missingperson #kansascity #missouri|856904217222668288
90|2017-04-25 16:13:38|en|1|Twitter for iPhone|RT @MentionME: Dear Missouri Greek life ..... It was fun while it lasted. AMEN and FAREWELL 124! https://t.co/bVAgMnby3b|856904041955250176
91|2017-04-25 16:13:08|en|1|Twitter for Android|RT @NWSStLouis: Heavy rain and flooding possible this weekend across southeast Missouri and southwest Illinois. #stlwx #mowx #ilwx https://‚Ä¶|856903916306522113
92|2017-04-25 16:13:03|en|1|Sprinklr|Thanks @usbank for their support of the #HeartWalkSGF!  You can participate too - register @‚Ä¶ https://t.co/w3X5OBbweI|856903892319318016
93|2017-04-25 16:12:53|en|1|TweetMyJOBS|See our latest #StLouis, MO #job and click to apply: Patient Service Representative 0800 to 1630 in... - https://t.co/ysgSj9YXd6 #Hiring|856903851693064192
94|2017-04-25 16:12:35|en|1|Twitter for iPhone|RT @DeltaMuDelta: Read more about how one of our members saved a life! We couldn't be more proud! https://t.co/9XY0yPR9Va #CPR #CPRCertific‚Ä¶|856903774518095872
95|2017-04-25 16:12:34|en|1|Twitter for Android|RT @Chappyboy21: Blessed to receive an SEC offer from The University of Missouri!!! https://t.co/ZZnbVZVqLl|856903771451994114
96|2017-04-25 16:12:16|en|1|Twitter for iPhone|Thinking of Ginger Rogers today! Miss her so! The 1st Ginger festival is on July 15/16th in Missouri.‚Ä¶ https://t.co/Fk0gfJFw2L|856903698630488065
97|2017-04-25 16:12:15|es|1|Twitter for Android|RT @tigresdelnorte: La #GiraLTDN2017 no se detiene. ¬°Este fin de semana llegaremos a #Kansas y #Missouri! Boletos: https://t.co/MCD25OrLFl‚Ä¶|856903693979066368
98|2017-04-25 16:12:09|en|1|Twitter for iPhone|RT @MentionME: Dear Missouri Greek life ..... It was fun while it lasted. AMEN and FAREWELL 124! https://t.co/bVAgMnby3b|856903667588505600
99|2017-04-25 16:11:42|en|1|Twitter for iPhone|RT @MentionME: Dear Missouri Greek life ..... It was fun while it lasted. AMEN and FAREWELL 124! https://t.co/bVAgMnby3b|856903555642519552
0|2017-04-25 16:24:48|en|2|dlvr.it|Critics protest closing Texas fishing spot Rollover Pass https://t.co/XqRjrcbE4n|856906852814041092
1|2017-04-25 16:24:48|en|2|dlvr.it|Critics protest closing Texas fishing spot Rollover Pass https://t.co/2tQWKZsHht|856906852725997568
2|2017-04-25 16:24:48|en|2|dlvr.it|Critics protest closing Texas fishing spot Rollover Pass https://t.co/Lup0CQ9CKQ|856906852327505921
3|2017-04-25 16:24:48|en|2|dlvr.it|#News  Critics protest closing Texas fishing spot Rollover Pass https://t.co/dDtn0Ig7f1 #RT|856906851715170305
4|2017-04-25 16:24:48|en|2|dlvr.it|Critics protest closing Texas fishing spot Rollover Pass https://t.co/Yykdm3zYOV|856906851161591808
5|2017-04-25 16:24:48|en|2|dlvr.it|Critics protest closing Texas fishing spot Rollover Pass https://t.co/oarFh5rpC2|856906851035652096
6|2017-04-25 16:24:47|en|2|dlvr.it|Critics protest closing Texas fishing spot Rollover Pass https://t.co/7EdJpukffj|856906847722196992
7|2017-04-25 16:24:45|en|2|dlvr.it|"""Fearless"" Texas feline hangs out with rattlesnake https://t.co/draN99so8X https://t.co/DuYJtSbuqY"|856906840017256448
8|2017-04-25 16:24:45|en|2|Twitter for iPhone|RT @ClintSmithIII: This is what Texas said: https://t.co/snYU7UHdiD|856906837479882753
9|2017-04-25 16:24:44|en|2|dlvr.it|Critics protest closing Texas fishing spot Rollover Pass https://t.co/YeaXfqDQll|856906836313726976
10|2017-04-25 16:24:44|en|2|dlvr.it|Critics protest closing Texas fishing spot Rollover Pass https://t.co/Yd3OEdrPv8|856906834325549062
11|2017-04-25 16:24:44|en|2|Twitter Web Client|#Texas cocktribute #nudes #instagood whores sucking #companion #orgy lesbian cockslut https://t.co/IjFhP9M9D7|856906833935515649
12|2017-04-25 16:24:44|en|2|dlvr.it|Critics protest closing Texas fishing spot Rollover Pass https://t.co/OJ255LbBu5|856906833524436992
13|2017-04-25 16:24:43|en|2|Twitter Web Client|RT @coton_luver: #maddow Private firm wins $110mill contract 4 new immigrant detention center in TX https://t.co/3piFhQsnpk Taxpayers https‚Ä¶|856906830433406976
14|2017-04-25 16:24:43|en|2|Twitter for Android|Arrived in Canada for our connecting flight to Texas. #dragonsquad @JoshinoYT @lionheartx10 @Luetin09 @TechTeamGB|856906830416576512
15|2017-04-25 16:24:43|en|2|Twitter for iPhone|"RT @luke_cobb: ""What's so good about Texas?"" https://t.co/sxV9kT8QNz"|856906830219538433
16|2017-04-25 16:24:43|en|2|Twitter Web Client|Meet one of the critics of Trump‚Äôs wall. He‚Äôs a Republican. In Texas.    https://t.co/tzs77owhdS|856906829850214400
17|2017-04-25 16:24:42|en|2|dlvr.it|"""Fearless"" Texas feline hangs out with rattlesnake https://t.co/rq8SqWfPH4 https://t.co/cTmVSKTcNI"|856906826314416134
18|2017-04-25 16:24:42|en|2|Twitter for Android|RT @polNewsNet: A truck full of radioactive Iridium-192, capable of being made into a dirty bomb, has been stolen in Mexico; only a 9-hour‚Ä¶|856906825890897920
19|2017-04-25 16:24:41|en|2|dlvr.it|Critics protest closing Texas fishing spot Rollover Pass https://t.co/XBKG4F9x8L|856906822657073152
20|2017-04-25 16:24:40|en|2|dlvr.it|"""Fearless"" Texas feline hangs out with rattlesnake https://t.co/RXCE2I7IwR https://t.co/yYzJbZZLhr"|856906819154857984
21|2017-04-25 16:24:40|en|2|Twitter Web Client|"RT @PoliticalShort: San Bernardino
Ft. Hood
Boston
Garland, Texas
Orlando
Chattanooga
Brussels
Paris
Belgium
Nice
London
Cairo
St. Petersbu‚Ä¶"|856906815388495872
22|2017-04-25 16:24:37|en|2|Twitter for iPhone|RT @ShelterAnimals1: TIMID BEHAVIOR NOTED ON INTAKE ! PLEASE DO NOT LET THAT COST THIS LOVE HIS LIFE! He NEEDS RESCUE ..  pledges and... ht‚Ä¶|856906806404288512
23|2017-04-25 16:24:37|en|2|dlvr.it|Critics protest closing Texas fishing spot Rollover Pass https://t.co/EqpUAtgD2e|856906805741408256
24|2017-04-25 16:24:37|en|2|Twitter for iPhone|"RT @chrisderrick1: The #Laredo #Texas lawman appears in a new story.
Catch up with #JakeBase &amp; his latest adventure.
https://t.co/AJ4teP8BT‚Ä¶"|856906803862544390
25|2017-04-25 16:24:36|es|2|Twitter for Android|RT @FuerzasMilCol: .@FuerzaAereaCol y @COL_EJERCITO transportaron 8 toneladas de ayuda humanitaria para #Mocoa desde San Antonio, Texas, ha‚Ä¶|856906800184135680
26|2017-04-25 16:24:33|en|2|Twitter Web Client|RT @Sgf_Cardinals: Congrats to @Jack9Flaherty, the 4/17-23 Texas League Pitcher of the Week! Jack is 4-0, 0.33 ERA this year w/ a 16.2 scor‚Ä¶|856906787341058049
27|2017-04-25 16:24:32|en|2|Twitter for iPhone|@Royaltii2u But I already knew without having to experience it|856906783159455744
28|2017-04-25 16:24:31|en|2|Twitter for iPhone|@Ayo_Brimmy Texas or Florida|856906781422911489
29|2017-04-25 16:24:31|en|2|dlvr.it|Critics protest closing Texas fishing spot Rollover Pass https://t.co/HpSHKjbHZT|856906779526955008
30|2017-04-25 16:24:30|en|2|Twitter for iPhone|RT @SenTedCruz: A strong step toward achieving a Great American Energy Renaissance &amp; thousands of jobs in #Texas. https://t.co/5R5Kipb0LD|856906777182523392
31|2017-04-25 16:24:30|en|2|Twitter for Android|RT @polNewsNet: A truck full of radioactive Iridium-192, capable of being made into a dirty bomb, has been stolen in Mexico; only a 9-hour‚Ä¶|856906776918282240
32|2017-04-25 16:24:30|und|2|Twitter for iPad|RT @MrEdTrain: https://t.co/yFJrWxT1l9|856906773638270976
33|2017-04-25 16:24:26|en|2|TweetDeck|@wccubbison How many reporters know/realize that George P. Bush--who holds statewide office in Texas--endorsed Trum‚Ä¶ https://t.co/N6TSQKRI8Z|856906760627654657
34|2017-04-25 16:24:26|es|2|Facebook|Nos vemos este fin de semana Texas .Dios les bendiga.|856906759797174272
35|2017-04-25 16:24:24|en|2|Twitter for Android|RT @polNewsNet: A truck full of radioactive Iridium-192, capable of being made into a dirty bomb, has been stolen in Mexico; only a 9-hour‚Ä¶|856906749382729728
36|2017-04-25 16:24:23|en|2|Twitter for iPhone|Texas Takeover? @Sallyisburnin @beccaalv|856906746534780930
37|2017-04-25 16:24:23|es|2|Twitter for Windows|RT @SinEmbargoMX: Ex gobernadores del PAN y PRI usaron un banco para comprar con dinero robado propiedades en Texas https://t.co/h9jiy35VXH‚Ä¶|856906746312437760
38|2017-04-25 16:24:21|en|2|Twitter for iPhone|found this outside of Texas Roadhouse, couldn't resist. RIP https://t.co/K3SzxjabZ1|856906736824971267
39|2017-04-25 16:24:21|en|2|Twitter for iPhone|"RT @PickSixPreviews: DB U? Most DB's drafted in Common Draft Era (1967):

55- Ohio State
52- USC
50- ND
48- Nebraska
46- OU, Texas
44- Colo‚Ä¶"|856906736585908224
40|2017-04-25 16:24:21|en|2|Twitter for iPhone|RT @TXSBOE: The final version will be posted at https://t.co/Iqv54Q4IqM. It will probably take a couple of weeks as there were more than 50‚Ä¶|856906735977734144
41|2017-04-25 16:24:19|en|2|Twitter for iPhone|Texas is the US large recipient of wind subsidies and the state planned transmission lines to support its delivery‚Ä¶ https://t.co/ZWyvqBxeL5|856906730088910848
42|2017-04-25 16:24:19|en|2|Twitter for Android|RT @BarnsGreg: Government censoring is dangerous. If you fund arts you cannot censor. I wont be there. Will be watching Texas Chainsaw Mass‚Ä¶|856906728683720705
43|2017-04-25 16:24:16|pt|2|Twitter for iPhone|RT @opsdebora: Como diria o grande MC Papo: Contagem √© o mothafuckin TEXAS https://t.co/DiGLVyHOp9|856906716981714945
44|2017-04-25 16:24:15|en|2|Twitter for iPhone|RT @Qveen_Court: Dallas Texas started Jiggin' &amp; that's definitely not how you do it üò≠ https://t.co/fHGsoRG8bo|856906711969533952
45|2017-04-25 16:24:13|en|2|Twitter for iPhone|"@schankena @Nick_Fleetwood dawg literally Texas weather is like girls on their period ""Happy one minute Then Sad th‚Ä¶ https://t.co/SpviiMddCe"|856906704436555778
46|2017-04-25 16:24:12|en|2|Twitter for iPhone|"RT @Devoted_Texan: Idiot: ""Oklahoma is better than Texas.""                                                              Me: https://t.co/US‚Ä¶"|856906701030739970
47|2017-04-25 16:24:12|en|2|Facebook|Last night's Songwriters Across Texas Radio Show is now up and ready for your listening pleasure. You can listen... https://t.co/FVSfAysgh0|856906700359684098
48|2017-04-25 16:24:12|en|2|Twitter for iPad|"RT @kausmickey: Why don't border Reps. back Wall? Fear of ""drop-off in flow of tourists &amp; daytripping shoppers."" Not a nat'l concern https:‚Ä¶"|856906699843698693
49|2017-04-25 16:24:11|en|2|Twitter for Android|"RT @MotoGP: Looks like there's still no stopping this guy in Texas... 

4 laps to go, 4 second lead for @marcmarquez93! #AmericasGP https:/‚Ä¶"|856906696068743168
50|2017-04-25 16:24:11|en|2|Twitter Web Client|Texas, and pretty much everywhere else. Nice work, @Nick_Anderson_ https://t.co/SpWe8cadJ0|856906694147919873
51|2017-04-25 16:24:10|en|2|Twitter for iPhone|@I_AM_TEXAS Because you haven't experienced it yet üôÑ|856906691518058496
52|2017-04-25 16:24:10|en|2|Twitter for Android|RT @SenTedCruz: A strong step toward achieving a Great American Energy Renaissance &amp; thousands of jobs in #Texas. https://t.co/5R5Kipb0LD|856906690847002626
53|2017-04-25 16:24:09|en|2|Twitter for iPhone|I think I need to go on an adventure outside Texas. I feel so trapped ‚òπÔ∏è|856906687151824896
54|2017-04-25 16:24:07|fr|2|Twitter for iPhone|RT @FirstDownFR: Von Miller a jou√© √† Texas A&amp;M. La m√™me universit√© que Myles Garrett, probable future choix #1 de la Draft. Interview https‚Ä¶|856906678104621057
55|2017-04-25 16:24:06|es|2|Facebook|Son detenidos 95 migrantes en operativo al sur de Texas https://t.co/9fjO96129n|856906676397584389
56|2017-04-25 16:24:06|en|2|Twitter for iPhone|RT @ShelterAnimals1: TIMID BEHAVIOR NOTED ON INTAKE ! PLEASE DO NOT LET THAT COST THIS LOVE HIS LIFE! He NEEDS RESCUE ..  pledges and... ht‚Ä¶|856906675000926208
57|2017-04-25 16:24:06|en|2|Twitter Ads|Chasing Bluebonnets, a Texas Tradition https://t.co/1ZKYPzve0W via @HoustoniaMag https://t.co/nhEe8x5x4S|856906673402724353
58|2017-04-25 16:24:05|en|2|dlvr.it|Texas Oilman Challenges BLM Over Cancellation of Montana Oil, Gas Leases https://t.co/0DK9OWM8MD|856906668755492864
59|2017-04-25 16:24:03|en|2|Twitter for iPhone|And they still want me to pay 4K in out of state fees every semester just because I don't have Texas id üò§|856906663995092992
60|2017-04-25 16:24:03|en|2|Twitter for iPhone|"2015 FORD FIESTA $219XMO $750/DOWN (956)293-9530 #lamojarritagtz

#brownsville #harlingen #mcallen #laredo #rgv‚Ä¶ https://t.co/dIOz1P1dXt"|856906661730168834
61|2017-04-25 16:24:00|en|2|Twitter for Android|RT @PeterHotez: My interview @KUOW @KUT Here in #Texas we're still 'Quite Vulnerable' To #Zika (and sadly pretty much on our own!) https://‚Ä¶|856906648727601153
62|2017-04-25 16:23:58|en|2|Twitter Web Client|Texas Tech QB @PatrickMahomes5: I'm open to playing anywhere but the chance to play for a Texas pro team would be awesome.  #Texans|856906642486681602
63|2017-04-25 16:23:58|en|2|Twitter for iPhone|"father forgive me for my sinful ways I'm just tired of being treated like a damned ol stray but every dog has his days
and imma make it mine"|856906642226597888
64|2017-04-25 16:23:57|en|2|Twitter Web Client|Texas scientists closer to #Type1 #diabetes cure with unconventional approach https://t.co/tvZRocYM2S|856906639001223169
65|2017-04-25 16:23:57|en|2|Twitter for iPhone|"United flight makes 'harrowing' emergency landing after engine fails
 https://t.co/jkRcwzIcJp"|856906636887298048
66|2017-04-25 16:23:56|es|2|Twitter Web Client|Interesante... l√©elo... A reelection challenge (almost) as big as Texas https://t.co/j1T6r2h5rb|856906634874019840
67|2017-04-25 16:23:56|en|2|Twitter for Android|RT @WeatherWar101: Yes‚Ä¶ Cooling Towers. @L117AA #Texas #Raleigh #Flood #Flooding https://t.co/EgllIx5zXp|856906631849922563
68|2017-04-25 16:23:55|en|2|Twitter for iPhone|"RT @PoliticalShort: San Bernardino
Ft. Hood
Boston
Garland, Texas
Orlando
Chattanooga
Brussels
Paris
Belgium
Nice
London
Cairo
St. Petersbu‚Ä¶"|856906629891149829
69|2017-04-25 16:23:55|und|2|Twitter for Android|RT @I____free: @_71117_ @Mary_M_Johnson @IronDogFitness1 @Easy_Branches @Mika_3dworks @ren_fashion @WritingReader @3d_works1 @RunWithTheHur‚Ä¶|856906629744349184
70|2017-04-25 16:23:53|en|2|OTC Posts to Tweets|Texas Medical Marijuana Supporters Push for Hearings on Critical Legislation https://t.co/rtMZs0VMOf|856906621879951360
71|2017-04-25 16:23:53|en|2|Twitter for iPhone|RT @Zach_Torres13: When you have Texas A&amp;M's bullpen number and get a guy hot. ‚ö†Ô∏èLegendary Content‚ö†Ô∏è https://t.co/ww6aJj4apE|856906620680507392
72|2017-04-25 16:23:52|en|2|Twitter for iPhone|RT @CNN: Since 2010, 17 states have executed 260 inmates. Texas is by far the leader in putting people to death: https://t.co/oxWcBu50vO ht‚Ä¶|856906614619738113
73|2017-04-25 16:23:51|en|2|Twitter for Android|RT @discoversouthrn: RT: You've got to watch this sweet Texas police officer use his lunch break to play hopscotch with a 4-year-old gi‚Ä¶ ht‚Ä¶|856906610257547264
74|2017-04-25 16:23:50|en|2|Twitter for iPhone|RT @brandondarby: 5 Mexican Cartel Bosses Who Were Caught Hiding in Texas https://t.co/lypP4jC540|856906609687109632
75|2017-04-25 16:23:50|en|2|Twitter for Android|RT @ICEgov: 95 arrested in SE Texas during ICE operation targeting criminal aliens, illegal re-entrants &amp; immigration fugitives https://t.c‚Ä¶|856906609100025857
76|2017-04-25 16:23:50|en|2|Twitter for iPhone|RT @Country___Lyric: One of the best Texas Country songs ever made. @JoshAbbottBand deserves everything they got coming. https://t.co/Zys7B‚Ä¶|856906607824961536
77|2017-04-25 16:23:50|en|2|Twitter for iPhone|my bestie on his way back to Texas üò≠ I'm so proud of him|856906607673974785
78|2017-04-25 16:23:50|en|2|Twitter for iPhone|RT @ClintSmithIII: This is what Texas said: https://t.co/snYU7UHdiD|856906606851874816
79|2017-04-25 16:23:48|en|2|Twitter for iPhone|I entered, maybe I'll win! -  https://t.co/mCVBRHtIJv|856906600946204672
80|2017-04-25 16:23:48|en|2|Twitter for Android|"Everyone's for local control and federalism except when they're not.

https://t.co/iMosfYMEdt"|856906598278627328
81|2017-04-25 16:23:47|en|2|dlvr.it|Texas Oilman Challenges BLM Over Cancellation of Montana Oil, Gas Leases https://t.co/GOsq4vSbMT|856906597053849600
82|2017-04-25 16:23:47|en|2|Twitter for iPhone|@OrneryYG @CruzinAhead It's called Texas!|856906594298318853
83|2017-04-25 16:23:46|en|2|IFTTT|"UpPaw #Dogs #Cats : peta : __j3lly Please urge Texas A&amp;M University to close their dog laboratories! 
‚Ä¶‚Ä¶ https://t.co/DIqFAqLIn2"|856906590703812608
84|2017-04-25 16:23:45|en|2|Twitter for iPhone|"RT @Ill_B_Duh_Pappy: Me: I'm from Texas
Out of stater: oh cool I'm from...
Me: I'm sorry 
Out of stater: why? 
Me: CAUSE IT AIN'T TEXAS"|856906584982794240
85|2017-04-25 16:23:44|en|2|Twitter Web Client|RT @ICEgov: 95 arrested in SE Texas during ICE operation targeting criminal aliens, illegal re-entrants &amp; immigration fugitives https://t.c‚Ä¶|856906582155706369
86|2017-04-25 16:23:44|en|2|Twitter for iPhone|"RT @PickSixPreviews: Most Consecutive Years with a 1st Round Pick (Longest Active)

8- Alabama
6- Texas A&amp;M
4- Clemson
4- Florida
4- FSU
3-‚Ä¶"|856906581362999299
87|2017-04-25 16:23:41|en|2|Twitter for iPhone|"RT @PoliticalShort: San Bernardino
Ft. Hood
Boston
Garland, Texas
Orlando
Chattanooga
Brussels
Paris
Belgium
Nice
London
Cairo
St. Petersbu‚Ä¶"|856906572034826241
88|2017-04-25 16:23:41|en|2|Vox Media|Carson Teel Once Again Named Big 12 Pitcher of the Week. The #okstate southpaw had a 2-0 record vs. No-4 Texas Tech! https://t.co/hcTDfCemUs|856906571497996288
89|2017-04-25 16:23:41|en|2|Vox Media|Carson Teel Once Again Named Big 12 Pitcher of the Week. The #okstate southpaw had a 2-0 record vs. No-4 Texas Tech! https://t.co/kqrJupiEAK|856906570084515840
90|2017-04-25 16:23:40|en|2|Twitter for iPhone|"""we think it may be on its way back to Texas"" bitch you had ONE job keep track of my fucking package üòí"|856906567312183296
91|2017-04-25 16:23:40|en|2|Twitter for Android|".@SecretaryPerry keeps calling himself the former ""CEO"" of Texas #BNEFsummit"|856906564267106305
92|2017-04-25 16:23:39|en|2|TweetMyJOBS|If you're looking for work in #SugarLand, Texas, check out this #job: https://t.co/DNdPtCxrv6 #Administrative‚Ä¶ https://t.co/z4Imja9Lwb|856906563381899266
93|2017-04-25 16:23:38|en|2|Twitter for iPhone|RT @bozchron: AP:  Canadian trucker arrested in Texas for fatal Montana crash https://t.co/Xmp907Fbe7 #bdcnews|856906556365033473
94|2017-04-25 16:23:37|es|2|Twitter for iPhone|RT @SinEmbargoMX: Ex gobernadores del PAN y PRI usaron un banco para comprar con dinero robado propiedades en Texas https://t.co/h9jiy35VXH‚Ä¶|856906554104328192
95|2017-04-25 16:23:35|en|2|Twitter for Android|RT @polNewsNet: A truck full of radioactive Iridium-192, capable of being made into a dirty bomb, has been stolen in Mexico; only a 9-hour‚Ä¶|856906546453917698
96|2017-04-25 16:23:35|en|2|Twitter for iPhone|watching The Texas Chainsaw Massacre: The Beginning|856906543132012547
97|2017-04-25 16:23:34|en|2|Twitter for Android|RT @SenTedCruz: A strong step toward achieving a Great American Energy Renaissance &amp; thousands of jobs in #Texas. https://t.co/5R5Kipb0LD|856906540363788289
98|2017-04-25 16:23:34|en|2|Twitter for iPhone|"RT @saksivas_: Another ILLEGAL IMMIGRANT From Mexico Accused of Molesting Texas Child.  @POTUS #BuildTheWall  
https://t.co/SgFAE62Sbr http‚Ä¶"|856906540330217473
99|2017-04-25 16:23:34|en|2|Twitter for iPhone|RT @ClintSmithIII: This is what Texas said: https://t.co/snYU7UHdiD|856906539168391168
0|2017-04-25 16:24:49|en|3|dlvr.it|Calif. toddler allegedly kidnapped by 'dangerous' father - Suspect in sex assault of 9-year-old girl had been‚Ä¶‚Ä¶ https://t.co/nvAUWXUAPu|856906856614076416
1|2017-04-25 16:24:48|en|3|Twitter for iPhone|@TrivagoD @AssangeFreedom @JulianAssange @wikileaks the law firms in California are notoriously corrupt and many fix cases with judges|856906849538396160
2|2017-04-25 16:24:48|en|3|Instagram|"Scenes from @AllnightRyan 
#rollingheavy #desertgenerator #vannin #van #dodge #california @‚Ä¶ https://t.co/WD5rh7Dchs"|856906849156829184
3|2017-04-25 16:24:48|en|3|Twitter Web Client|RT @USNewsEducation: California has more than 650 nationally recognized high schools. Here are the state's #BestHighSchools. https://t.co/I‚Ä¶|856906849035190272
4|2017-04-25 16:24:47|es|3|Twitter Web Client|"RT @alvarofb23: @MarionSpekker 
Playa La Misi√≥n. Baja California. MEXICO. https://t.co/GCjx2DF2Md"|856906847961452544
5|2017-04-25 16:24:46|en|3|Twitter Web Client|RT @TryTheSky: Hello from beautiful #California ‚ú®driving through Mojave Desert üåµ on our way to @DeathValleyNPS ! @VisitCA #travel #roadtrip‚Ä¶|856906844450820096
6|2017-04-25 16:24:45|en|3|Twitter for Windows|California Democrats. Picture of Jerryüò° Brown in Dragü§° https://t.co/c9mR7Z3sT4|856906838306164738
7|2017-04-25 16:24:43|en|3|Twitter for iPhone|RT @Gizmodo: Heaven is a place on Earth‚Äì‚Äìa place called Borrego Springs, California. https://t.co/vnZEJhLzOq|856906830076944384
8|2017-04-25 16:24:43|und|3|Twitter for iPhone|#missvelvetcream #Fashionexperience #Imadeyourclothes #california #indiedesigner @SubverseInd 4/29 @BethelWoods‚Ä¶ https://t.co/LIW9HtSk4a|856906829145624576
9|2017-04-25 16:24:42|en|3|Twitter for iPhone|RT @Beavs: studies of wood sorrel, my favorite part about Northern California's redwood forests. https://t.co/Y0mPjVjlnV|856906826578763776
10|2017-04-25 16:24:42|en|3|wonderland.fm|"""No Pets""; Rental hunting with a service animal (California) https://t.co/R0xvvlEMAu"|856906824896978944
11|2017-04-25 16:24:42|en|3|Twitter Web Client|RT @mdsACLU: This is the kind of sh*t that happens everyday in CA's money bail system. We can do better. #BailReform #SB10 #AB42 https://t.‚Ä¶|856906824594857984
12|2017-04-25 16:24:39|en|3|Instagram|#SaveUSA by medmadeit get yours now.... @ Los Angeles, California https://t.co/0zowFXnD48|856906813005905920
13|2017-04-25 16:24:38|en|3|TweetCaster for Android|"RT @MuhammadUmerG: There were Twitter #tags about Calexit concerning a movement to exit California union of USA
#CounterExtremismVision htt‚Ä¶"|856906809025585153
14|2017-04-25 16:24:37|en|3|Twitter Web Client|@NealSchonMusic You look amazing brother! Mr. Neal Schon of Journey, you are the man! Have a fantastic California day man! - Kenny @kramoz|856906806265749504
15|2017-04-25 16:24:37|es|3|Twitter Web Client|RT @CMunozPTY: Hotel California es uno de mis cl√°sicos favoritos que gusto escuchar ese tema hoy @_Maricarmen19 #QueMa√±ana @antena8panama a‚Ä¶|856906805397663746
16|2017-04-25 16:24:36|en|3|Twitter for iPhone|RT @Squadelujah: Dear people not from California, LA &amp; The Bay Area isnt a fuckin 10min drive from each other. Don't hit me saying you in L‚Ä¶|856906802725699585
17|2017-04-25 16:24:35|en|3|Twitter for iPhone|RT @Breaking911: ARMED &amp; DANGEROUS: Amber Alert issued for abducted 1-year-old in California; Suspect driving red Mitsubishi Galant: 6WEE20‚Ä¶|856906796367192065
18|2017-04-25 16:24:34|en|3|Twitter Web Client|#suck cock pussy nude california women https://t.co/S8BNslPlwa|856906793984950272
19|2017-04-25 16:24:34|en|3|Mobile Web (M2)|RT @thecadillac3: Excited to be getting back on the road! Arizona, Nevada, and California, get ready! #TheBlackRosesTour &gt;&gt; https://t.co/5i‚Ä¶|856906792642674689
20|2017-04-25 16:24:32|en|3|Twitter for iPad|RT @LauraLoomer: Funny how things work in California. The people there are terrified of @AnnCoulter but welcome the Mexican rapists with op‚Ä¶|856906783998316552
21|2017-04-25 16:24:28|en|3|Twitter Web Client|RT @WhatsUpMonterey: Happy #EarthDay from majestic #Monterey #California - #travel #destination - https://t.co/6vLvzQx07F https://t.co/87LH‚Ä¶|856906765396393984
22|2017-04-25 16:24:28|en|3|Twitter for Android|#VoiceofWipro # New center at California  for Wipro https://t.co/GE5k8gzBO0|856906765245480963
23|2017-04-25 16:24:28|en|3|Linkis: turn sharing into growth|The DiploMad 2.0: Hotel California, You Can Leave, or See What You B... https://t.co/98Ar14hucV|856906765237145607
24|2017-04-25 16:24:26|en|3|Twitter for iPhone|@HARRYMAYES975 Steve Kerr's in California get him some medical marijuana for the migraines lol|856906759797186560
25|2017-04-25 16:24:26|en|3|Twitter for iPhone|"RT @tamebabe: HANNAH GORMAN IS MISSING, SHE IS 5'3 AND WAS LAST SEEN IN TAFT, CALIFORNIA ON APRIL 20th AT 9:30PM. 
PLEASE HELP BRING HANNAH‚Ä¶"|856906759511851008
26|2017-04-25 16:24:25|en|3|TweetDeck|RT @EnergyCollectiv: #California, #HydroPower, #drought, and the #DuckCurve. https://t.co/4X6jhvCz3e|856906755393167360
27|2017-04-25 16:24:23|es|3|Instagram|#footprintsinthesand #greattimetorun #battlegrounds #may20 @ Cabo San Lucas, Baja California Sur https://t.co/J8kfqggH9H|856906746585116674
28|2017-04-25 16:24:23|en|3|dlvr.it|Suspect Arrested For Trying To Kidnap Woman Off San Francisco Street: Police https://t.co/fi6opigoIR https://t.co/N3wcbXnuIE|856906745943162880
29|2017-04-25 16:24:23|en|3|Twitter for iPhone|"@connorfranta for a copy of ""note to self"", ill fly to california and water them all"|856906744647299072
30|2017-04-25 16:24:22|en|3|Twitter Web Client|California has more than 650 nationally recognized high schools. Here are the state's #BestHighSchools.‚Ä¶ https://t.co/4d1mElEfDj|856906741774155776
31|2017-04-25 16:24:20|en|3|Twitter for iPhone|RT @BestTraveI: Coachella 2017, California https://t.co/f3Dwf5rbRv|856906731749769217
32|2017-04-25 16:24:19|en|3|Twitter for Android|RT @dawnellemurray: People like YOU are why #California is BROKE!!  3 MILLION ILLEGAL CRIMINAL VOTERS. https://t.co/1OCT0QRZyE|856906730663444484
33|2017-04-25 16:24:19|en|3|Twitter for iPhone|RT @TheJusticeDept: Southern California Residents Sentenced to Prison for Hiding Millions of Dollars in Secret Foreign Bank Accounts https:‚Ä¶|856906729782726661
34|2017-04-25 16:24:16|en|3|Twitter for Android|RT @DreamHouseX: California beach house https://t.co/UDPrToDWZC|856906717573124097
35|2017-04-25 16:24:15|und|3|The Social Jukebox|#ThomasEdison #quote https://t.co/zd1CCG6cMK @SevensLegalSD #SanDiego #California #Criminal #Justice #Attorney #Law‚Ä¶ https://t.co/jsv1RW8AzS|856906713362042882
36|2017-04-25 16:24:14|en|3|yerissa.melonfield follow|Get rid of fake #politicians and reporters &amp; fake news problems will be solved  https://t.co/gbK4QyWPar|856906709419393024
37|2017-04-25 16:24:13|en|3|Instagram|"Bottle of Nesbitt's Soda of California. 

#antiques #glass #kitchenware #sodabottle #oldstuff‚Ä¶ https://t.co/N1bpVOHnHV"|856906704100904960
38|2017-04-25 16:24:13|und|3|Twitter for Android|RT @TerranceCreamer: R.I.P US Army SSgt. Andrew Trevor Britton-Mihalo, 25 of Simi Valley, California, KIA (April 25, 2012)in Afghanistan! h‚Ä¶|856906702448246784
39|2017-04-25 16:24:12|en|3|IFTTT|"#5Star RT travelling_mom: 5 Reasons to Stay in #VisitBurbank, California ‚Äì the REAL Hollywood
Read: https://t.co/aX0u1zHjqq 
Via StephBeTr‚Ä¶"|856906700573593604
40|2017-04-25 16:24:12|en|3|TweetDeck|RT @Interior: Sunshine casts a golden hue over a sea of fog @GoldenGateNPS by Vincent James #California https://t.co/VtcrurdhXC|856906700032430080
41|2017-04-25 16:24:10|en|3|Twitter Web Client|Tell @SenJanetNguyen, @GeneralRoth &amp; @SenatorNewmanCA  to guarantee healthcare for all CA; vote YES on #SB562 https://t.co/njgy0rCYm8|856906692688134144
42|2017-04-25 16:24:10|en|3|Twitter Web Client|Southern California Public Radio (@KPCC - 89.3) wants to know: What are your questions for truck drivers? https://t.co/iVo0AqWHXM|856906690582675456
43|2017-04-25 16:24:10|en|3|Twitter for iPhone|RT @Beavs: studies of wood sorrel, my favorite part about Northern California's redwood forests. https://t.co/Y0mPjVjlnV|856906690029002752
44|2017-04-25 16:24:09|en|3|Twitter Web Client|RT @JoeDelBosque: #Cherries are hand picked in California. #Immigration and #laborshortages are a big concern. #Harvest within 2 weeks. #fr‚Ä¶|856906689001525248
45|2017-04-25 16:24:09|es|3|Twitter for Android|Hotel California es uno de mis cl√°sicos favoritos que gusto escuchar ese tema hoy @_Maricarmen19 #QueMa√±ana @antena8panama aqui estoy üôãüôã|856906687843840000
46|2017-04-25 16:24:08|en|3|Twitter Web Client|#ironyoftheyear Berkeley Uni, California, birthplace of the 'Free Speech Movement' being sued for Free Speech Suppr‚Ä¶ https://t.co/u4lSITqXeq|856906683381149697
47|2017-04-25 16:24:08|en|3|dlvr.it|eBay: 2009 Bailey Senator California - 4 Berth Touring Caravan https://t.co/z7ffePw34W #caravan #caravaning https://t.co/FXpFhu2XLd|856906682953224193
48|2017-04-25 16:24:08|en|3|Twitter for iPhone|RT @geeemarcus: Blessed to announce that I have committed to the California Institute of Technology!!! #GoBeavers üèÄüèÄ https://t.co/G91lnIdO1h|856906682407952384
49|2017-04-25 16:24:07|en|3|Buffer|We ‚ù§Ô∏è  our church family. Whether you live in Southern California, South Manila, Buenos Aires, Hong Kong, or Berlin‚Ä¶ https://t.co/OBV4IA549g|856906677534306305
50|2017-04-25 16:24:07|en|3|Twitter Web Client|Excited to be getting back on the road! Arizona, Nevada, and California, get ready! #TheBlackRosesTour &gt;&gt;‚Ä¶ https://t.co/fJ5N3PCWoL|856906677513269248
51|2017-04-25 16:24:05|en|3|Twitter for iPhone|RT @Beavs: studies of wood sorrel, my favorite part about Northern California's redwood forests. https://t.co/Y0mPjVjlnV|856906671318196224
52|2017-04-25 16:24:05|en|3|Buffer|Foster care &amp; college, not an easy mix! https://t.co/44CmDH0zt4 #education #childabuse #graduation|856906670911442945
53|2017-04-25 16:24:02|es|3|Twitter for Android|@oso_rengo Se puede predecir un terremoto con metodo pero tambien se puede adbertir a la gente alfinal todo estan c‚Ä¶ https://t.co/5ag0dFd6u4|856906658794135552
54|2017-04-25 16:24:00|en|3|Twitter for iPhone|RT @Yooung_coconut: Bay Area in the front, all of Southern California in the back https://t.co/E3LEVoVbuy|856906650485014528
55|2017-04-25 16:24:00|en|3|Twitter for Android|@excaliburps @PSLifeStyle You still need to be in California?|856906648509706240
56|2017-04-25 16:23:59|en|3|TweetDeck|"RT @MusaabOfficial: There were twitter hash tags #Calexit concerning a movement to exit California from USA 
#CounterExtremismVision https:‚Ä¶"|856906645552504832
57|2017-04-25 16:23:59|en|3|TweetDeck|"RT @MusaabOfficial: There were twitter hash tags #Calexit concerning a movement to exit California from USA 
#CounterExtremismVision https:‚Ä¶"|856906645485404160
58|2017-04-25 16:23:59|en|3|TweetDeck|"RT @MusaabOfficial: There were twitter hash tags #Calexit concerning a movement to exit California from USA 
#CounterExtremismVision https:‚Ä¶"|856906645477048320
59|2017-04-25 16:23:59|en|3|TweetDeck|"RT @MusaabOfficial: There were twitter hash tags #Calexit concerning a movement to exit California from USA 
#CounterExtremismVision https:‚Ä¶"|856906645456134144
60|2017-04-25 16:23:59|en|3|TweetDeck|"RT @MusaabOfficial: There were twitter hash tags #Calexit concerning a movement to exit California from USA 
#CounterExtremismVision https:‚Ä¶"|856906645456027648
61|2017-04-25 16:23:59|en|3|TweetDeck|"RT @MusaabOfficial: There were twitter hash tags #Calexit concerning a movement to exit California from USA 
#CounterExtremismVision https:‚Ä¶"|856906645451952130
62|2017-04-25 16:23:59|en|3|TweetDeck|"RT @MusaabOfficial: There were twitter hash tags #Calexit concerning a movement to exit California from USA 
#CounterExtremismVision https:‚Ä¶"|856906645275725824
63|2017-04-25 16:23:59|en|3|TweetDeck|"RT @MusaabOfficial: There were twitter hash tags #Calexit concerning a movement to exit California from USA 
#CounterExtremismVision https:‚Ä¶"|856906645271592960
64|2017-04-25 16:23:59|en|3|TweetDeck|"RT @MusaabOfficial: There were twitter hash tags #Calexit concerning a movement to exit California from USA 
#CounterExtremismVision https:‚Ä¶"|856906644462030848
65|2017-04-25 16:23:59|en|3|TweetDeck|"RT @MusaabOfficial: There were twitter hash tags #Calexit concerning a movement to exit California from USA 
#CounterExtremismVision https:‚Ä¶"|856906644436865024
66|2017-04-25 16:23:59|en|3|TweetDeck|"RT @MusaabOfficial: There were twitter hash tags #Calexit concerning a movement to exit California from USA 
#CounterExtremismVision https:‚Ä¶"|856906644436860932
67|2017-04-25 16:23:59|en|3|TweetDeck|"RT @MusaabOfficial: There were twitter hash tags #Calexit concerning a movement to exit California from USA 
#CounterExtremismVision https:‚Ä¶"|856906644344655873
68|2017-04-25 16:23:59|en|3|TweetDeck|"RT @MusaabOfficial: There were twitter hash tags #Calexit concerning a movement to exit California from USA 
#CounterExtremismVision https:‚Ä¶"|856906644302708736
69|2017-04-25 16:23:59|en|3|TweetDeck|"RT @MusaabOfficial: There were twitter hash tags #Calexit concerning a movement to exit California from USA 
#CounterExtremismVision https:‚Ä¶"|856906644214603776
70|2017-04-25 16:23:59|en|3|TweetDeck|"RT @MusaabOfficial: There were twitter hash tags #Calexit concerning a movement to exit California from USA 
#CounterExtremismVision https:‚Ä¶"|856906644214566912
71|2017-04-25 16:23:59|en|3|TweetDeck|"RT @MusaabOfficial: There were twitter hash tags #Calexit concerning a movement to exit California from USA 
#CounterExtremismVision https:‚Ä¶"|856906644197785600
72|2017-04-25 16:23:59|en|3|TweetDeck|"RT @MusaabOfficial: There were twitter hash tags #Calexit concerning a movement to exit California from USA 
#CounterExtremismVision https:‚Ä¶"|856906644197744640
73|2017-04-25 16:23:59|en|3|TweetDeck|"RT @MusaabOfficial: There were twitter hash tags #Calexit concerning a movement to exit California from USA 
#CounterExtremismVision https:‚Ä¶"|856906644160000005
74|2017-04-25 16:23:58|en|3|Twitter for iPhone|I love hiking in #SanDiego. #FrankieCiccone #california https://t.co/RHojLs0U0A|856906639491743744
75|2017-04-25 16:23:57|es|3|Facebook|Ciudadano de California capta impresionantes im√°genes de un hoyo en un lago https://t.co/myDxFr5jjk|856906635146604544
76|2017-04-25 16:23:56|en|3|Twitter for iPhone|RT @DreamHouseX: California beach house https://t.co/UDPrToDWZC|856906634714640384
77|2017-04-25 16:23:55|es|3|Twitter for iPhone|@CH14_ hace 2 a√±os que conoc√≠ uno de mis √≠dolos üá≤üáΩ grande chicharo ! (Saludooos de Los Angeles, California) https://t.co/fc6l97ZqL3|856906627907067904
78|2017-04-25 16:23:54|en|3|Twitter for iPhone|Why can't California have normal weather for more than a day|856906624862003200
79|2017-04-25 16:23:52|en|3|TweetDeck|RT @Interior: Sunshine casts a golden hue over a sea of fog @GoldenGateNPS by Vincent James #California https://t.co/VtcrurdhXC|856906617412927489
80|2017-04-25 16:23:52|es|3|Twitter for iPhone|@ch14_ buenos d√≠as desde California|856906614581764096
81|2017-04-25 16:23:50|it|3|Twitter for iPhone|RT @ViajaEnElMundo: Ventura, California ‚òÄÔ∏è üá∫üá∏ https://t.co/MxF4b2KLDV|856906608391147520
82|2017-04-25 16:23:50|en|3|Twitter Web Client|CNMs provide safe, accessible, affordable care to help clients and the CA health budget - pass #AB1612 today!‚Ä¶ https://t.co/viwsyP4xVB|856906607329853440
83|2017-04-25 16:23:49|en|3|Twitter Web Client|College After Foster Care? The Odds Are Not in Our Favor https://t.co/SEkEK53sRu|856906603391459329
84|2017-04-25 16:23:47|en|3|Twitter Web Client|Modeling reveals how policy affects adoption of solar energy photovoltaics in California https://t.co/4QEfZPdn5a|856906596567445505
85|2017-04-25 16:23:46|en|3|TweetDeck|RT @nytopinion: College after foster care? The odds are not in our favor. https://t.co/OV98wYlr78 https://t.co/a5tsrvRd14|856906592809123840
86|2017-04-25 16:23:46|en|3|dlvr.it|Modeling reveals how policy affects adoption of solar energy photovoltaics in California https://t.co/2CYruWikSg|856906588954574849
87|2017-04-25 16:23:44|en|3|Twitter for iPhone|"RT @AndreaRussett: my uber driver just offered me a blunt and said ""u celebrating this glorious holiday?"" i love california"|856906583938260993
88|2017-04-25 16:23:39|es|3|Twitter Web Client|@Monocer0s Totalmente. Y t√∫ sabes que siempre he sido m√°s fan de California que de NYC.|856906563147239425
89|2017-04-25 16:23:39|en|3|VoiceStorm|.@Googleorg is dedicating $50M to support #nonprofits tackling the #digitaldivide in #education #cdwsocial‚Ä¶ https://t.co/VrR9sW6ZkE|856906560492019712
90|2017-04-25 16:23:38|en|3|Twitter Web Client|RT @reginsider: Designed by Katy Perry in California.|856906557606555649
91|2017-04-25 16:23:38|en|3|Twitter for iPhone|RT @DescansoGardens: We've got pockets of #penstemon and #californiapoppies throughout the Oak Woodland and California Natives section üåº ht‚Ä¶|856906556385804288
92|2017-04-25 16:23:38|pt|3|Twitter Lite|Tenho ci√∫mes mesmo, foda-se, Deus mandou dividir o p√£o, n√£o as pessoas.|856906556021116932
93|2017-04-25 16:23:36|en|3|Twitter for iPhone|@nutnut30 I don't know if you'll be able to in California anytime soon but I'm just worried about online poker.|856906549859692544
94|2017-04-25 16:23:35|en|3|Zapier.com|https://t.co/hujjGdAnTK The sweet moment California got a record 50% of its electricity from solar #GreenClean|856906543039750144
95|2017-04-25 16:23:34|en|3|Twitter for iPhone|RT @Jedi_Pite_Bre: #California‚Äôs liberal laws enabled 800K Undocumented #Immigrants To Get Driver‚Äôs Licenses  https://t.co/LEOpSbsRfV|856906541336809472
96|2017-04-25 16:23:34|en|3|Twitter for Android|RT @Breaking911: ARMED &amp; DANGEROUS: Amber Alert issued for abducted 1-year-old in California; Suspect driving red Mitsubishi Galant: 6WEE20‚Ä¶|856906540539826176
97|2017-04-25 16:23:34|es|3|Twitter Web Client|RT @NoticiasYaLA: ¬°Con esta belleza despertaba LA hoy! #California https://t.co/4HuBb8c4YE|856906540044955649
98|2017-04-25 16:23:34|en|3|SmashFly status update|Financial Reporting Analyst - Entry Level for Viavi Solutions in Milpitas California https://t.co/YYvYtiXXRE|856906538644111360
99|2017-04-25 16:23:32|en|3|Twitter for iPhone|Wind is by far the worst weather condition of California|856906532335755264
0|2017-04-25 16:24:50|und|4|Twitter for Android|#London https://t.co/Qv2SC1T0Gb|856906858287779840
1|2017-04-25 16:24:49|en|4|Twitter for Android|RT @stylinsonhome: Organic that ua suddenly tweet about Louis in London when Harry will flight to Paris. üôÉ https://t.co/n9tRKekLVo|856906855771234305
2|2017-04-25 16:24:49|en|4|Twitter for Android|RT @DeadlineDayLive: Real Madrid striker √Ålvaro Morata has already bought a house in London ahead of a summer move to Chelsea. (Source: Dai‚Ä¶|856906853485350912
3|2017-04-25 16:24:48|en|4|RoundTeam|RT @tonyfroberts: Blair Backs Open Britain Plot to Unseat Pro Brexit MPs https://t.co/IABbeHPcPQ via @BreitbartNews|856906851279089664
4|2017-04-25 16:24:48|en|4|Twitter for iPhone|RT @PrisonPlanet: Study proves leftists are far more likely to be into cuckoldry. üòÑ¬†https://t.co/t6Kcp9k5Ye|856906850998116352
5|2017-04-25 16:24:48|en|4|Twitter Web Client|@velvetgh0st how is the weather in London tho?|856906850683506689
6|2017-04-25 16:24:47|en|4|Twitter Web Client|RT @PrisonPlanet: Study proves leftists are far more likely to be into cuckoldry. üòÑ¬†https://t.co/t6Kcp9k5Ye|856906848766742528
7|2017-04-25 16:24:47|en|4|Twitter Web Client|@69mib I don't think they care they seem to have lost focus on anywhere beyond London. Ideology is more important to Corbyn.|856906848187940864
8|2017-04-25 16:24:47|en|4|Twitter Lite|Selling 1 elrow town London ticket #elrow|856906847630045184
9|2017-04-25 16:24:46|en|4|Twitter Web Client|RT @Biggreenbooks: Crikey. We've hit @BBCNews. https://t.co/wQIIT49rtG|856906844228521987
10|2017-04-25 16:24:45|en|4|Twitter for iPad|RT @Biggreenbooks: Crikey. We've hit @BBCNews. https://t.co/wQIIT49rtG|856906837664309249
11|2017-04-25 16:24:44|en|4|Twitter for iPhone|What's a bae?|856906836162883584
12|2017-04-25 16:24:44|en|4|TweetDeck|RT @SHGames: #CoDWWII Billboard spotted in London! https://t.co/GEAtcTW4EC|856906835848302594
13|2017-04-25 16:24:44|en|4|Twitter for Android|RT @GreenwichVegans: Finding Vegan Food in London ‚Äì including fab 100% vegan Etheopian food in Greenwich: https://t.co/ELft30Paos #Greenwic‚Ä¶|856906832429953024
14|2017-04-25 16:24:43|en|4|Twitter Web Client|RT @Mark_Beech: Adding independents to larger @WHSmith shops at @dantremag with latest stockist Regent News Beak St London next... https://‚Ä¶|856906830232121345
15|2017-04-25 16:24:43|en|4|Twitter Web Client|RT @PrisonPlanet: Study proves leftists are far more likely to be into cuckoldry. üòÑ¬†https://t.co/t6Kcp9k5Ye|856906828416004099
16|2017-04-25 16:24:43|en|4|Twitter for iPhone|RT @stylinsonhome: Organic that ua suddenly tweet about Louis in London when Harry will flight to Paris. üôÉ https://t.co/n9tRKekLVo|856906828411805696
17|2017-04-25 16:24:42|en|4|Twitter for iPad|RT @GamesAid: Our hilarious night of stand-up comedy, StandUp for GamesAid hits @comedystoreuk on May 8th!  Get your tickets here: https://‚Ä¶|856906826482425858
18|2017-04-25 16:24:42|en|4|Twitter for iPhone|"RT @GemmaAnneStyles: Never forget 

Although London is effing freezing today. London forgot https://t.co/CRTbdIxBe4"|856906824687255553
19|2017-04-25 16:24:41|en|4|Twitter for Android|RT @DavidJo52951945: Only 2.65% of immigrants entering Italy are real refugees, 97.35% were illegal immigrants https://t.co/BtGGMOQVsk|856906822158045184
20|2017-04-25 16:24:41|en|4|Twitter for Android|"RT @zZz7zZz7zZz7zZz: Jan Abrahamsz. Beerstraten üé®
The Castle of Muiden in Winter, 1658
The National Gallery, London
üéº‚ô™‚ô´https://t.co/B5xE7Er‚Ä¶"|856906821885468673
21|2017-04-25 16:24:40|en|4|Twitter for Android|The woman who owns the shop, she orders in from the Harry Potter London studio. SHE HAD A FREAKING LIFE SIZE FIREBO‚Ä¶ https://t.co/Z8Mc0JscJc|856906817116491778
22|2017-04-25 16:24:40|en|4|Twitter for iPhone|RT @SkyNews: Tom Hardy tackles motorbike theft suspect in south west London https://t.co/L2mrHnmqsQ|856906817082929153
23|2017-04-25 16:24:40|en|4|Twitter for iPhone|RT @BobMackowycz: Check out the photo of a young Billy Idol - 100 nights of Punk at the Roxy nightclub in London. https://t.co/96aZbKMKAo|856906816927563776
24|2017-04-25 16:24:40|en|4|Twitter Web Client|"RT @PoliticalShort: San Bernardino
Ft. Hood
Boston
Garland, Texas
Orlando
Chattanooga
Brussels
Paris
Belgium
Nice
London
Cairo
St. Petersbu‚Ä¶"|856906815388495872
25|2017-04-25 16:24:39|en|4|Twitter for Android|@cynthia_lardner @SuzanneLepage1 @seaweed115B @Sugee111 @Silau25 @Silvia080 @Jilliemary @Tom__Coleman‚Ä¶ https://t.co/jLJ4XUtJri|856906814302150660
26|2017-04-25 16:24:39|en|4|Twitter for iPhone|RT @HamishSHunter: Just how many jobs does Green Party Highgate councillor and London assembly member Sian Berry want?! https://t.co/EWYxGv‚Ä¶|856906813106737152
27|2017-04-25 16:24:39|en|4|Twitter for iPhone|"RT @FiftyDigital: #LondonMarathon was üëçüëå

Incredible from @benjyblowes aka the man running with the washing machine üòÖüí™ 

5:58:37 üòÆ

https:/‚Ä¶"|856906812397936640
28|2017-04-25 16:24:39|en|4|dlvr.it|In London, Class Warfare of a Different Stripe https://t.co/DGSUfaXx6o https://t.co/VX4PJylk9A|856906812229996544
29|2017-04-25 16:24:38|en|4|TweetDeck|RT @ragehomaar: Strange lives of foreign correspondents-just filed my piece to London and come across this @itvnews #Somaliland https://t.c‚Ä¶|856906810133012481
30|2017-04-25 16:24:37|en|4|Twitter for iPad|"RT @TRobinsonNewEra: Police hunt man after girl, 12, sexually assaulted at swimming pool in Woolwich | London Evening Standard https://t.co‚Ä¶"|856906806534299650
31|2017-04-25 16:24:37|en|4|Twitter Web Client|"RT @canada150_music: #Canada150 This Saturday! We're at Grinnin Gator in London! Damn Pigeon with Iron Maiden Tribute ""Maiden Quebec' üçÅ
#Mu‚Ä¶"|856906805963890690
32|2017-04-25 16:24:37|en|4|dlvr.it|#FTSE100 tumbles after Chinese stock selloff #FTSE100 https://t.co/cZgQ2NyOb5 https://t.co/j4sryPJJhu|856906805577826304
33|2017-04-25 16:24:37|en|4|Twitter Lite|"Quench your thirst with something special we like to call Negroski üå∏üçäüçπ

#cocktails #london #thelocalist #joinus https://t.co/vVDkL65j2X"|856906803900272642
34|2017-04-25 16:24:37|en|4|Twitter for iPhone|@meowitslucy @brianneworth As someone who was born and raised in SoCal, but now lives in London, i can confirm this haha|856906803178864641
35|2017-04-25 16:24:36|en|4|Twitter for Android|RT @CharltonBuzz: @charltonlido Tennis Court hire is only¬†¬£3.00 with¬†limited¬†off peak times available for free! #GreenwichHour #SE7 https:/‚Ä¶|856906801891213313
36|2017-04-25 16:24:36|en|4|Twitter for Android|RT @BreitbartLondon: Remember this when mass migration is sold to you on grounds of compassion  https://t.co/rmJSbWoCy7|856906801140310016
37|2017-04-25 16:24:35|en|4|Twitter Web Client|.@ZEISSLenses If you like the look of these lenses, we'll have a few available to try at our London Lens Show! Tick‚Ä¶ https://t.co/0LqNVR4v7X|856906795914326016
38|2017-04-25 16:24:33|en|4|Twitter for Android|Real Madrid striker √Ålvaro Morata has already bought a house in London ahead of a summer move to Chelsea. - Daily Express|856906788704276482
39|2017-04-25 16:24:33|en|4|Twitter for Android|RT @WestminsterYM: Wondering what you can do as a young Catholic in London? Check out our top 10 list of things to do! https://t.co/qbstjO6‚Ä¶|856906787043385344
40|2017-04-25 16:24:33|en|4|Twitter for Android|@bazbecs @mk_marathon @mkfm @Henryallentrust having just completed the London marathon I'm with ya all 26.2 miles..|856906786636537856
41|2017-04-25 16:24:32|en|4|Twitter Web Client|RT @SHGames: #CoDWWII Billboard spotted in London! https://t.co/GEAtcTW4EC|856906785520623617
42|2017-04-25 16:24:32|en|4|Twitter for iPhone|RT @DeadlineDayLive: Real Madrid striker √Ålvaro Morata has already bought a house in London ahead of a summer move to Chelsea. (Source: Dai‚Ä¶|856906784639942657
43|2017-04-25 16:24:32|en|4|dlvr.it|‚ÄòLadies of London‚Äôs‚Äô Marissa Hermer Makes Delicious Savory Scones &amp; Talks Potential for Season 4 of Bravo Show‚Ä¶‚Ä¶ https://t.co/0hQDpV7JJU|856906784623153152
44|2017-04-25 16:24:32|und|4|Twitter for Android|RT @MykBaxterOnline: https://t.co/5ShwUqNR2D #onlinemarketing #SEO #SMM #London https://t.co/KqMG2uYVG1|856906784312840192
45|2017-04-25 16:24:32|en|4|dlvr.it|In London, Class Warfare of a Different Stripe https://t.co/u3a5VQFgrq https://t.co/HmBeh6BkXt|856906784027533312
46|2017-04-25 16:24:32|en|4|Twitter for iPhone|RT @GamesAid: Our hilarious night of stand-up comedy, StandUp for GamesAid hits @comedystoreuk on May 8th!  Get your tickets here: https://‚Ä¶|856906782534504448
47|2017-04-25 16:24:32|en|4|Twitter for iPhone|@BoulevardWC2 @AfternoonTeaUK trying to book https://t.co/sFEcx6acFW and it appears its not working  please help! #CelebratingCancerAllClear|856906782194769928
48|2017-04-25 16:24:31|und|4|Twitter for Android|RT @MykBaxterOnline: https://t.co/5ShwUqNR2D #onlinemarketing #SEO #SMM #London https://t.co/KqMG2uYVG1|856906780202328064
49|2017-04-25 16:24:31|en|4|Foursquare|I'm at Patty &amp; Bun - @pattyandbunjoe in Marylebone, Greater London https://t.co/pHvwYboquK|856906778788974592
50|2017-04-25 16:24:31|und|4|Twitter for Android|"RT @bezzieo: Q: ‡πÄ‡∏î‡∏ó‡∏Å‡∏±‡∏ô‡∏°‡∏≤‡∏Å‡∏µ‡πà‡∏ó‡∏µ‡πà‡πÅ‡∏•‡πâ‡∏ß‡∏Ñ‡∏∞?
- LA
- London
- Barcelona
- Dallas https://t.co/i6FBT9SOUi"|856906778059063296
51|2017-04-25 16:24:31|en|4|Twitter Web Client|Question: How do people keep track of upcoming gigs in London / your town?|856906777690071040
52|2017-04-25 16:24:30|und|4|Twitter for Android|RT @MykBaxterOnline: https://t.co/5ShwUqNR2D #onlinemarketing #SEO #SMM #London https://t.co/KqMG2uYVG1|856906777300017153
53|2017-04-25 16:24:30|und|4|Twitter for Android|RT @MykBaxterOnline: https://t.co/5ShwUqNR2D #onlinemarketing #SEO #SMM #London https://t.co/KqMG2uYVG1|856906774225584130
54|2017-04-25 16:24:30|en|4|Twitter Web Client|"RT @JPY_Kurdish: Today's London: ‚Üí Muslim 'supremacists' shut down a highway tunnel, waving ISIS and Palestinian flags while howling ""free,‚Ä¶"|856906774179454978
55|2017-04-25 16:24:30|en|4|Twitter for iPhone|RT @TheLionKing: Shaun Escoffery &amp; Nick Afoa who play Mufasa &amp; Simba in London sing a special version of ‚ÄòHe Lives In You‚Äô high above the R‚Ä¶|856906773541904384
56|2017-04-25 16:24:29|und|4|Twitter for Android|RT @MykBaxterOnline: https://t.co/5ShwUqNR2D #onlinemarketing #SEO #SMM #London https://t.co/KqMG2uYVG1|856906773374144513
57|2017-04-25 16:24:29|und|4|Twitter for Android|RT @MykBaxterOnline: https://t.co/5ShwUqNR2D #onlinemarketing #SEO #SMM #London https://t.co/KqMG2uYVG1|856906772887384065
58|2017-04-25 16:24:29|en|4|dlvr.it|In London, Class Warfare of a Different Stripe https://t.co/Huh0V59mDT https://t.co/2kpVZYC7ml|856906772853866496
59|2017-04-25 16:24:29|en|4|Twitter for iPhone|RT @leahmcfallmusic: Session last night in London with @THEREALGHETTS !! ‚úåüèª https://t.co/4wO3tZzPpC|856906771851554819
60|2017-04-25 16:24:29|en|4|dlvr.it|In London, Class Warfare of a Different Stripe https://t.co/FNFg3VCphq https://t.co/WXrDXZvsRl|856906771364945920
61|2017-04-25 16:24:29|en|4|Twitter for Android|RT @stylinsonhome: Organic that ua suddenly tweet about Louis in London when Harry will flight to Paris. üôÉ https://t.co/n9tRKekLVo|856906771251814400
62|2017-04-25 16:24:29|und|4|Twitter for Android|RT @MykBaxterOnline: https://t.co/5ShwUqNR2D #onlinemarketing #SEO #SMM #London https://t.co/KqMG2uYVG1|856906770987589633
63|2017-04-25 16:24:29|en|4|Twitter Web Client|RT @stylinsonhome: Organic that ua suddenly tweet about Louis in London when Harry will flight to Paris. üôÉ https://t.co/n9tRKekLVo|856906770027094016
64|2017-04-25 16:24:29|en|4|iOS|Check out the photo of a young Billy Idol - 100 nights of Punk at the Roxy nightclub in London. https://t.co/96aZbKMKAo|856906769800495106
65|2017-04-25 16:24:29|en|4|dlvr.it|In London, Class Warfare of a Different Stripe https://t.co/KdImHDn5A1 https://t.co/Nn36aFRkI1|856906769766899712
66|2017-04-25 16:24:29|en|4|dlvr.it|In London, Class Warfare of a Different Stripe https://t.co/bt0FjghlDg|856906769548812288
67|2017-04-25 16:24:29|und|4|Twitter for Android|RT @MykBaxterOnline: https://t.co/5ShwUqNR2D #onlinemarketing #SEO #SMM #London https://t.co/KqMG2uYVG1|856906769376960513
68|2017-04-25 16:24:28|en|4|Twitter Web Client|RT @rococlothing: We are giving you a chance to win a Paisley of London girls bundle worth up to ¬£85. Simply like and retweet to be entered‚Ä¶|856906768848474113
69|2017-04-25 16:24:28|en|4|Twitter for Android|"RT @itvnews: Tom Hardy 'chases down moped thief in London'
https://t.co/B6NfBqlts2 https://t.co/LukLmyAZKT"|856906766919094272
70|2017-04-25 16:24:28|und|4|Twitter for Android|RT @MykBaxterOnline: https://t.co/5ShwUqNR2D #onlinemarketing #SEO #SMM #London https://t.co/KqMG2uYVG1|856906766755299328
71|2017-04-25 16:24:28|en|4|Twitter for iPhone|RT @ladscheckups: Louis is in London|856906766671544321
72|2017-04-25 16:24:28|en|4|Twitter for Android|"RT @chanbaekcum_: 2012: Disneyland
2012: London 
2015: Barcelona
2016: Dallas
2016: Hawaii
2017: NYC 

i live for this chanbaek dates 

ctt‚Ä¶"|856906766361149442
73|2017-04-25 16:24:28|und|4|Twitter for Android|RT @MykBaxterOnline: https://t.co/5ShwUqNR2D #onlinemarketing #SEO #SMM #London https://t.co/KqMG2uYVG1|856906765920874501
74|2017-04-25 16:24:28|und|4|Twitter for Android|RT @MykBaxterOnline: https://t.co/5ShwUqNR2D #onlinemarketing #SEO #SMM #London https://t.co/KqMG2uYVG1|856906765778259968
75|2017-04-25 16:24:28|und|4|Twitter for Android|RT @MykBaxterOnline: https://t.co/5ShwUqNR2D #onlinemarketing #SEO #SMM #London https://t.co/KqMG2uYVG1|856906765547524096
76|2017-04-25 16:24:28|en|4|iOS|'Gorilla man' still crawling London Marathon https://t.co/28SGNN0Tpp|856906765409103872
77|2017-04-25 16:24:27|und|4|Twitter for Android|RT @MykBaxterOnline: https://t.co/5ShwUqNR2D #onlinemarketing #SEO #SMM #London https://t.co/KqMG2uYVG1|856906764796776450
78|2017-04-25 16:24:27|en|4|Twitter Web Client|RT @PrisonPlanet: Study proves leftists are far more likely to be into cuckoldry. üòÑ¬†https://t.co/t6Kcp9k5Ye|856906764343623680
79|2017-04-25 16:24:27|en|4|Twitter for iPad|RT @PrisonPlanet: Study proves leftists are far more likely to be into cuckoldry. üòÑ¬†https://t.co/t6Kcp9k5Ye|856906762640871429
80|2017-04-25 16:24:27|en|4|Twitter for iPhone|"RT @GemmaAnneStyles: Never forget 

Although London is effing freezing today. London forgot https://t.co/CRTbdIxBe4"|856906761403420673
81|2017-04-25 16:24:26|en|4|Twitter for iPhone|RT @Enjoyableart: Come visit me on Instagram https://t.co/jjOFqQDkY6  #Instagram #photography #flowers #socialmedia #London #japan #Paris #‚Ä¶|856906760363405312
82|2017-04-25 16:24:26|en|4|dlvr.it|In London, Class Warfare of a Different Stripe https://t.co/93xDHKbpP4 https://t.co/ovcWZWfswY|856906759553794048
83|2017-04-25 16:24:26|und|4|Twitter for Android|RT @MykBaxterOnline: https://t.co/5ShwUqNR2D #onlinemarketing #SEO #SMM #London https://t.co/KqMG2uYVG1|856906759176421377
84|2017-04-25 16:24:26|en|4|Twitter Web Client|MINIBUS HIRE LONDON, Minibus and Driver hire London UK. https://t.co/4ayZVjdeZl|856906758836584449
85|2017-04-25 16:24:26|und|4|Twitter for Android|RT @MykBaxterOnline: https://t.co/5ShwUqNR2D #onlinemarketing #SEO #SMM #London https://t.co/KqMG2uYVG1|856906758555447296
86|2017-04-25 16:24:26|und|4|Twitter for Android|RT @MykBaxterOnline: https://t.co/5ShwUqNR2D #onlinemarketing #SEO #SMM #London https://t.co/KqMG2uYVG1|856906757519663104
87|2017-04-25 16:24:26|en|4|Twitter Web Client|@VDombrovskis @GuntramWolff #CMU was an incentive for the UK despite being challenging to stay in. Without London the project is dead...|856906757158965249
88|2017-04-25 16:24:25|und|4|Twitter for Android|RT @MykBaxterOnline: https://t.co/5ShwUqNR2D #onlinemarketing #SEO #SMM #London https://t.co/KqMG2uYVG1|856906756198457345
89|2017-04-25 16:24:25|en|4|dlvr.it|Handbag guru Reed Krakoff partners with Kohl's #Reed https://t.co/TzeFgwDa5V https://t.co/Dj493zOxaE|856906756072521728
90|2017-04-25 16:24:25|en|4|Twitter Web Client|RT @tonykarpinski: Oil painting London, start https://t.co/ro6AEixy5H|856906755875500036
91|2017-04-25 16:24:25|und|4|Twitter for Android|RT @MykBaxterOnline: https://t.co/5ShwUqNR2D #onlinemarketing #SEO #SMM #London https://t.co/KqMG2uYVG1|856906755443376128
92|2017-04-25 16:24:25|und|4|Twitter for Android|RT @MykBaxterOnline: https://t.co/5ShwUqNR2D #onlinemarketing #SEO #SMM #London https://t.co/KqMG2uYVG1|856906755292508160
93|2017-04-25 16:24:25|und|4|Twitter for Android|RT @MykBaxterOnline: https://t.co/5ShwUqNR2D #onlinemarketing #SEO #SMM #London https://t.co/KqMG2uYVG1|856906755116154880
94|2017-04-25 16:24:25|und|4|Twitter for Android|RT @MykBaxterOnline: https://t.co/5ShwUqNR2D #onlinemarketing #SEO #SMM #London https://t.co/KqMG2uYVG1|856906754248069122
95|2017-04-25 16:24:25|und|4|Twitter for Android|RT @MykBaxterOnline: https://t.co/5ShwUqNR2D #onlinemarketing #SEO #SMM #London https://t.co/KqMG2uYVG1|856906754126266370
96|2017-04-25 16:24:25|und|4|Twitter for Android|RT @MykBaxterOnline: https://t.co/5ShwUqNR2D #onlinemarketing #SEO #SMM #London https://t.co/KqMG2uYVG1|856906754059358208
97|2017-04-25 16:24:25|und|4|Twitter for Android|RT @MykBaxterOnline: https://t.co/5ShwUqNR2D #onlinemarketing #SEO #SMM #London https://t.co/KqMG2uYVG1|856906753736413185
98|2017-04-25 16:24:25|und|4|Twitter for Android|RT @MykBaxterOnline: https://t.co/5ShwUqNR2D #onlinemarketing #SEO #SMM #London https://t.co/KqMG2uYVG1|856906753518301184
99|2017-04-25 16:24:25|und|4|Twitter for Android|RT @MykBaxterOnline: https://t.co/5ShwUqNR2D #onlinemarketing #SEO #SMM #London https://t.co/KqMG2uYVG1|856906752893345793
0|2017-04-25 16:24:51|fr|5|Twitter Web Client|RT @SissiPatriote: Y'aura tellement de casse sociale qu'il vous collera des attentats en France pour vous occuper ailleurs! Vous pigez ou p‚Ä¶|856906861806854144
1|2017-04-25 16:24:51|fr|5|Plume¬†for¬†Android|"RT @actuxl: Pr√©sidentielle : Pour l'Ifop, l'√©lectorat d'E. Macron s'apparente √† la ""France du Oui"" du 29 mai 2005, m√™me si celle du non est‚Ä¶"|856906861790081026
2|2017-04-25 16:24:51|fr|5|Twitter Web Client|"RT @nfessol: #SortonsLePen, ses gudards et ses n√©o-nazis.
La France ne m√©rite pas cela, aucun de ses citoyens non plus https://t.co/1jyRoDF‚Ä¶"|856906861731336192
3|2017-04-25 16:24:50|fr|5|Twitter for iPhone|non mais euh mon frr et mon dar qui regardent france 5 la c'est trop|856906860611416064
4|2017-04-25 16:24:50|fr|5|dlvr.it|Pr√©sidentielle¬†: Maintenon, la France miniature¬†? https://t.co/oBNEEqOesL|856906860149981184
5|2017-04-25 16:24:50|en|5|Twitter for iPhone|"RT @AriMelber: Countries Presidents visited by 100 Days

OBAMA
Mexico
Canada
Iraq
UK
France
Germany
Trinidad
Turkey
Czech.R

BUSH
Mexico
Ca‚Ä¶"|856906859470610433
6|2017-04-25 16:24:50|fr|5|Twitter for iPad|RT @PNerval: N'ayant pas compl√®tement r√©ussi √† d√©truire la France en cinq ans, la gauche a r√©ussi √† placer Macron pour terminer le travail‚Ä¶|856906859130871808
7|2017-04-25 16:24:50|en|5|Facebook|France honours police officer killed in Paris attack https://t.co/5P8NOhc5ZW https://t.co/qetSLWglaB https://t.co/7mTofBk7ig|856906859080548352
8|2017-04-25 16:24:50|en|5|Twitter Web Client|RT @TravelTours43: Discover 6 Most Charming Places In South Of #France https://t.co/o4KtgPLvb4  #TheTravelLove #Travel  https://t.co/vUDDDX‚Ä¶|856906858933735424
9|2017-04-25 16:24:50|fr|5|dlvr.it|LinkedIN : 500 millions de membres dans le monde, 14 millions en France https://t.co/aOBiIIuqXN https://t.co/GjzkeS1smW|856906858807738368
10|2017-04-25 16:24:50|en|5|dlvr.it|France honors police officer killed in Champs-Elysees attack https://t.co/w5xazU9DkR https://t.co/YdEvLbAPaa|856906858765758464
11|2017-04-25 16:24:50|fr|5|Twitter Web Client|RT @celine__FR: Un appel est lanc√© √† tous ceux qui aiment la France ! #SortonsMacron https://t.co/KoTAaxUXrf|856906858023587840
12|2017-04-25 16:24:50|fr|5|Twitter Web Client|RT @Francois_Ruffin: Bigard touche 10M de #CICE. Bigard ferme son usine d'Ailly-sur-Somme. Bigard sponsorise un skipper pour... 10M d'‚Ç¨. ht‚Ä¶|856906857952182275
13|2017-04-25 16:24:50|fr|5|Twitter for Android|RT @lambda_9: Car il parle comme Miss France mais pense comme Hollande: #SortonsMacron|856906857486712834
14|2017-04-25 16:24:49|en|5|Twitter for iPhone|"RT @PrisonPlanet: ""Distrust of Muslim migrants"" in France is Putin's fault

Nothing to do with 21 Islamist attacks in the last 2 yrs.

http‚Ä¶"|856906856022896640
15|2017-04-25 16:24:49|fr|5|TweetDeck|@____France_____ @islamisabeast @MLP_officiel @JLMelenchon OMG l'√©galit√© des salaires homme/femme comme c'est intol√©rable... üòè|856906854710091776
16|2017-04-25 16:24:49|fr|5|Twitter for iPhone|"RT @LeKouss: 8 mai 20h: MLP est √©lue, puis destitu√©e selon l'art.54 exigeant du chef d'Etat ""des chicos propres""
21H: Jean-Ma est couronn√©‚Ä¶"|856906854680731652
17|2017-04-25 16:24:49|fr|5|Twitter Web Client|le 7 patriotes de droite de gauche du centre pour la France voter Marine https://t.co/kFDI6hyAPm|856906854479396865
18|2017-04-25 16:24:49|fr|5|Twitter for Android|"RT @RTenfrancais: ""@EmmanuelMacron a √©t√© √©lu sur une escroquerie intellectuelle, morale, politique, m√©diatique"" @UPR_Asselineau https://t.c‚Ä¶"|856906854252851201
19|2017-04-25 16:24:49|en|5|Twitter Web Client|"[080417] 40 Year Anniversary Healthcare Concert

Cr: ÌÅêÌîºÌä∏
Bulldok Î∂àÎèÖ ‚Äì France | #SeCutie https://t.co/GAx5gniWGH"|856906854072496128
20|2017-04-25 16:24:48|fr|5|Twitter for iPad|RT @eacstasy: Je suis en pleure de voir que la France √† choisis la finance et la x√©nophobie.|856906852701011969
21|2017-04-25 16:24:48|fr|5|Linkis: turn sharing into growth|"Pr√©sidentielle. FN‚Äâ: les premi√®res fissures dans le plafond de verre‚Äâ? | via @ouestfrance  https://t.co/qQENpEmRVV"|856906852529037312
22|2017-04-25 16:24:48|fr|5|Twitter for iPad|RT @1sansnom: Avis aux cousins de la France: il n'y a pas de hasard,il n'y a que des rendez-vous.La corruption voyage du Qu√©bec √† la France‚Ä¶|856906851908288512
23|2017-04-25 16:24:48|fr|5|Sociallymap|Kate Middleton, William et Harry : tr√®s en forme au marathon de Londres ! #Audiences #AudienceTV #France https://t.co/g5Yxko1wdG|856906851732131840
24|2017-04-25 16:24:48|und|5|INTELLINEWS2|Serena Williams condamne les propos ‚Äúracistes‚Äù et ‚Äúsexistes‚Äù de Nastase https://t.co/u2vM93YLRv|856906850469638146
25|2017-04-25 16:24:48|en|5|Twitter for iPhone|RT @jeitoapp: France, if you're listening, save yourself. #JeVoteMarine https://t.co/nMd0S7y9ZH|856906849848832001
26|2017-04-25 16:24:48|fr|5|Twitter for Android|Marine Le Pen est le seul espoir pour une France vraiment libre. #JeVote #JeVoteMarine #MarineLePen #Marine2017 https://t.co/t4Ka6WHWUv|856906849689448449
27|2017-04-25 16:24:48|fr|5|Twitter Web Client|"RT @BLervoire: Parce qu'il est un danger pour la France #SortonsMacron !

Pour √©viter la catastrophe ultralib√©rale #JamaisMacron !

Tous av‚Ä¶"|856906849349754880
28|2017-04-25 16:24:48|fr|5|Echobox Social|Pour France 5 et BFMTV, Emmanuel Macron est victime d‚Äôune cabale m√©diatique https://t.co/rXdF6iULL1 https://t.co/ZwvMMPoX1Y|856906849123258369
29|2017-04-25 16:24:47|fr|5|Twitter for iPhone|"RT @CheeperOff: üî¥ C'est officiel la France üá´üá∑ se mobilise pour faire barrage  #Macron ENFIN ‚ù§Ô∏è
#JamaisMacron"|856906848674471938
30|2017-04-25 16:24:47|fr|5|Twitter for iPhone|RT @nytimes: France honored the police officer who was killed in the Champs-√âlys√©es attack https://t.co/fxMBa0OvLd|856906848376672257
31|2017-04-25 16:24:47|en|5|Twitter Web Client|RT @WelshGasDoc: Seems pretty unedifying for @TimFarron to be badgered on this issue when his voting record is very supportive of LGTB righ‚Ä¶|856906847810465792
32|2017-04-25 16:24:47|fr|5|Twitter Web Client|"RT @DBSuperFrance: Ajout d'un lien pour la VF du chapitre 23 
https://t.co/ioiIsJgsJh https://t.co/wF5mFdX05O"|856906847734857728
33|2017-04-25 16:24:47|fr|5|Twitter for Android|RT @CuddlyTini: Ha j'aime trop la voir heureuse et encre plus quand elle est en France üòç https://t.co/dNXhO8Y65x|856906845704912896
34|2017-04-25 16:24:47|fr|5|Twitter for iPad|RT @HaimKorsia: Il faut appeler tous ceux qui croient en la France √† voter pour @EmmanuelMacron car il porte, maintenant, cette esp√©rance d‚Ä¶|856906845570596864
35|2017-04-25 16:24:47|en|5|Twitter for Android|"RT @AriMelber: Countries Presidents visited by 100 Days

OBAMA
Mexico
Canada
Iraq
UK
France
Germany
Trinidad
Turkey
Czech.R

BUSH
Mexico
Ca‚Ä¶"|856906845310636032
36|2017-04-25 16:24:46|en|5|Twitter for iPhone|"RT @AriMelber: Countries Presidents visited by 100 Days

OBAMA
Mexico
Canada
Iraq
UK
France
Germany
Trinidad
Turkey
Czech.R

BUSH
Mexico
Ca‚Ä¶"|856906843259535361
37|2017-04-25 16:24:46|fr|5|dlvr.it|France Honors Xavier Jugel√©, Police Officer Killed in Champs-√âlys√©es Attack https://t.co/A34SM0Jv32 https://t.co/mnJr6VpPjr|856906843146276865
38|2017-04-25 16:24:46|en|5|Twitter Lite|RT @oldpicsarchive: Battlefield landscapes from First World War 100 years on, France https://t.co/xDLKsDKPr1|856906842932297728
39|2017-04-25 16:24:45|fr|5|Twitter Web Client|"RT @avec_marine: RT : pour une France avec des fronti√®res
FAV : pour une France sans fronti√®res 

#SortonsMacron üåπ https://t.co/1PqqW9jU4K"|856906840264847360
40|2017-04-25 16:24:45|fr|5|Twitter Web Client|@jpraffarin  Vous n'avez rien fait pour sauver la France , De Gaulle vous aurait chass√© ! vous profitez au s√©nat  ! pas honneur ni orgueil ?|856906839459590144
41|2017-04-25 16:24:45|fr|5|Twitter for iPhone|@le_vecc De la france soit une bonne id√©e surtojt quand c'est ce qui fait la richesse de notre pays dans tous les sens du termes 2/2|856906838914281472
42|2017-04-25 16:24:45|fr|5|Twitter for Android|"RT @MLP_officiel: ""#Macron a accus√© la France de crimes contre l'Humanit√©, et il a m√™me dit qu'il n'y avait pas de culture fran√ßaise."" #JT2‚Ä¶"|856906838905892864
43|2017-04-25 16:24:45|fr|5|Twitter for iPhone|"RT @AudreyPatriote: Pour ce m√©diocre ministre de Fran√ßois Hollande ""il n'y a pas de culture francaise..."" il n'aime pas la France #SortonsM‚Ä¶"|856906837739933698
44|2017-04-25 16:24:45|en|5|Twitter Web Client|"RT @AriMelber: Countries Presidents visited by 100 Days

OBAMA
Mexico
Canada
Iraq
UK
France
Germany
Trinidad
Turkey
Czech.R

BUSH
Mexico
Ca‚Ä¶"|856906836686946304
45|2017-04-25 16:24:45|fr|5|Twitter Web Client|#sortonsmacron c'est une bonne id√©e mais le probl√®me c'est qu'il sera √©lu co√ªte que co√ªte pour servir des int√©r√™ts‚Ä¶ https://t.co/Hm9ZSvEUwn|856906836620038145
46|2017-04-25 16:24:44|fr|5|Twitter for iPhone|RT @realfrance_fr: Ancelotti : ¬´¬†J‚Äôai mis Bale sur le banc et Perez m‚Äôa convoqu√©¬†¬ª  https://t.co/VXALrGIKAJ|856906836313862144
47|2017-04-25 16:24:44|fr|5|Twitter Web Client|RT @napilicaio: Pour moi Gauche /Droite/Ext Droite = Blanchit√© = Racisme Syst√©mique , vs pleurez pour l'image de votre France de Voltaire ,‚Ä¶|856906835353362432
48|2017-04-25 16:24:44|en|5|dlvr.it|'Naughty' campsite opens up https://t.co/Yh7ZVJLBou https://t.co/QWmTWpnHal|856906835072241664
49|2017-04-25 16:24:44|fr|5|Twitter for Android|RT @StefanVersac: Monsieur Dupont Aignan, si vous soutenez Marine et travaillez ensemble pour la France, je vous aiderai https://t.co/aBvne‚Ä¶|856906834892001280
50|2017-04-25 16:24:44|fr|5|Twitter Web Client|"RT @AudreyPatriote: Pour ce m√©diocre ministre de Fran√ßois Hollande ""il n'y a pas de culture francaise..."" il n'aime pas la France #SortonsM‚Ä¶"|856906834246070272
51|2017-04-25 16:24:44|fr|5|Twitter Web Client|"RT @UneGringuenaude: La France ""ultralib√©rale"" : 56% du PIB affect√©es aux d√©penses publiques, 31,5% aux d√©penses sociales, 45,5% de pr√©l√®ve‚Ä¶"|856906833889566722
52|2017-04-25 16:24:44|en|5|Twitter Web Client|"RT @AriMelber: Countries Presidents visited by 100 Days

OBAMA
Mexico
Canada
Iraq
UK
France
Germany
Trinidad
Turkey
Czech.R

BUSH
Mexico
Ca‚Ä¶"|856906833826656256
53|2017-04-25 16:24:43|tl|5|Twitter for Android|"RT @MWSweetHeart1: @leila_cardiel @MayWard_France yung totoo bes, may pahampas ka dyan noh hehehe. gusto ko rin tong episode na to

MAYWARD‚Ä¶"|856906832018898946
54|2017-04-25 16:24:43|fr|5|Twitter for Android|RT @sk8tzrboi: c'est la france qui flambe https://t.co/etBM3X8VcH|856906832014606336
55|2017-04-25 16:24:43|en|5|Twitter for iPhone|"RT @2ALAW: So Called ""Feminist"" Are Trying To Block People Voting For A Woman. She Would Be The First Female President Of France.

Let That‚Ä¶"|856906831637209088
56|2017-04-25 16:24:43|tl|5|Twitter for Android|RT @leila_cardiel: @MWSweetHeart1 @MayWard_France Hahaaaaaa lhat yata ng action bes nagawa hahaaaa..                            MAYWARD OnY‚Ä¶|856906830752120837
57|2017-04-25 16:24:43|fr|5|Twitter for Android|RT @Trasheurs: J'ai l'impression Trash a ruin√© le TPE de 50% des lyc√©ens de France üò≠ https://t.co/ZxxJIspsGZ|856906829686865921
58|2017-04-25 16:24:43|fr|5|Twitter for iPhone|"RT @dobsky33: Amar Lasfar pr√©sident de l' UOIF (Musulmans de France), proche, tr√®s proche des fr√®res musulmans appelle √† voter Macron...
#J‚Ä¶"|856906829384876034
59|2017-04-25 16:24:43|fr|5|Twitter for Android|RT @K_Betesh: Une France libre dans une Europe des Nations, ou une France cadenass√©e dans la dictature de Maastricht ? Faites votre choix!‚Ä¶|856906828210475008
60|2017-04-25 16:24:43|en|5|Flamingo for Android|RT @TerrorEvents: #France #Metz - Vehicle was suspicious, because it was stolen and parked near the synagogue. https://t.co/XAUdxN1Duq|856906828013330432
61|2017-04-25 16:24:42|fr|5|Twitter Web Client|"RT @PetiteM_: Comment vous pouvez vouloir ce type pr√©sident de la France les #ToutSaufLePen ? 
#JamaisMacron #Macron #Presidentielle2017 ht‚Ä¶"|856906826960580608
62|2017-04-25 16:24:42|fr|5|Twitter for iPhone|"RT @humourdedroite: - on est super fier de notre fils hein cheri
- oui iil est accept√© en prepa Histoire de France au lyc√©e Pierre Laval, c‚Ä¶"|856906825547079680
63|2017-04-25 16:24:42|en|5|dlvr.it|France honours police officer killed in Paris attack https://t.co/5P8NOhc5ZW https://t.co/qetSLWglaB|856906824590671872
64|2017-04-25 16:24:42|fr|5|Twitter for iPad|RT @Tancrede_Crptrs: M√™me les journalistes de #Quotidien montrent la mise en sc√®ne de #Macron. La France a besoin d'un chef ou d'un acteur‚Ä¶|856906824104243201
65|2017-04-25 16:24:41|en|5|Twitter for iPhone|"RT @AriMelber: Countries Presidents visited by 100 Days

OBAMA
Mexico
Canada
Iraq
UK
France
Germany
Trinidad
Turkey
Czech.R

BUSH
Mexico
Ca‚Ä¶"|856906823261138944
66|2017-04-25 16:24:41|en|5|Twitter Web Client|"RT @AriMelber: Countries Presidents visited by 100 Days

OBAMA
Mexico
Canada
Iraq
UK
France
Germany
Trinidad
Turkey
Czech.R

BUSH
Mexico
Ca‚Ä¶"|856906822355226624
67|2017-04-25 16:24:41|und|5|Twitter for iPhone|RT @MyckaelSirou: #Gabon #Bongoiskilling #FreeGabon #France #ElectionPresidentielle2017 #FranceAfrique #FN #EmmanuelMacron  #MarineLePen ht‚Ä¶|856906822304882688
68|2017-04-25 16:24:41|fr|5|dlvr.it|France Honors Xavier Jugel√©, Police Officer Killed in Champs-√âlys√©es Attack https://t.co/mPwvtZr36I https://t.co/BHm8guwGgL|856906821751013376
69|2017-04-25 16:24:41|fr|5|Twitter for Android|@sumac_h @lobs Esp√©rons que tout cela ce confirme, le FN au pouvoir serait une catastrophe pour la France et mettra‚Ä¶ https://t.co/3MDytbJqFN|856906820115419137
70|2017-04-25 16:24:41|fr|5|dlvr.it|Pr√©sidentielle. Sondage‚Äâ: Macron battrait Le Pen avec 61‚Äâ% des voix https://t.co/EMvpUDX3ab https://t.co/WwEfxGo49Q|856906819851100160
71|2017-04-25 16:24:41|fr|5|Facebook|Les deux victoires de Jean-Luc M√©lenchon et de la France insoumise https://t.co/wyTJfyNZJG|856906819578605570
72|2017-04-25 16:24:40|fr|5|Twitter for Android|"RT @LeKouss: 8 mai 20h: MLP est √©lue, puis destitu√©e selon l'art.54 exigeant du chef d'Etat ""des chicos propres""
21H: Jean-Ma est couronn√©‚Ä¶"|856906818739724289
73|2017-04-25 16:24:40|fr|5|Twitter for Windows Phone|RT @Jurassicman39: Pour tous les propri√©taires de maison en France #SortonsMacron #JamaisMacron|856906818714574849
74|2017-04-25 16:24:40|en|5|deeplookers.com|France calls for unity at tribute to slain officer - https://t.co/lBps2cyJN1 https://t.co/HrKmrBz1cf|856906818676707328
75|2017-04-25 16:24:40|fr|5|Twitter for Android|RT @Francois_Ruffin: Bigard touche 10M de #CICE. Bigard ferme son usine d'Ailly-sur-Somme. Bigard sponsorise un skipper pour... 10M d'‚Ç¨. ht‚Ä¶|856906818458718208
76|2017-04-25 16:24:40|fr|5|dlvr.it|France Honors Xavier Jugel√©, Police Officer Killed in Champs-√âlys√©es Attack https://t.co/BHS3PGyGtl https://t.co/6xQOx9bu09|856906817691045888
77|2017-04-25 16:24:40|fi|5|Twitter Web Client|"Macron 2017 = Le Pen 2022 | Jacobin https://t.co/DSoy6gNhDh"|856906816739057664
78|2017-04-25 16:24:40|fr|5|IFTTT|#Logement Quels sont les arrondissements de Paris o√π les Airbnb sont les ... - Le Parisien https://t.co/QvrFDMsmAd #Paris #France|856906816458031105
79|2017-04-25 16:24:40|fr|5|Twitter Web Client|non au vote f haine pour que la france reste notre france https://t.co/1Wr7MRMJeK|856906816051187713
80|2017-04-25 16:24:40|fr|5|Twitter for Android|"RT @RTenfrancais: ""Le probl√®me en #France est que le simple fait de dire #LePen fait partir 70% des gens""
ITW @UPR_Asselineau &gt;&gt;&gt; https://t‚Ä¶"|856906815774355456
81|2017-04-25 16:24:39|fr|5|dlvr.it|France Honors Xavier Jugel√©, Police Officer Killed in Champs-√âlys√©es Attack https://t.co/hzeUYy8rKx https://t.co/iAs4fZv0Qt|856906815065305088
82|2017-04-25 16:24:39|fr|5|dlvr.it|France Honors Xavier Jugel√©, Police Officer Killed in Champs-√âlys√©es Attack https://t.co/4QMKsrIPLc https://t.co/D5V8pvfZf6|856906814603919360
83|2017-04-25 16:24:39|en|5|Twitter for iPhone|RT @DavidJo52951945: Only Marine Le Pen will restore France.Macron is another Hollande who will do nothing on Islam,terrorism,poverty &amp; wil‚Ä¶|856906813270368256
84|2017-04-25 16:24:39|en|5|Twitter Web Client|RT @jeitoapp: France, if you're listening, save yourself. #JeVoteMarine https://t.co/nMd0S7y9ZH|856906812595089408
85|2017-04-25 16:24:39|en|5|Twitter for Android|RT @ChristianLN0821: Spain right now. Then France. And back to Italy.  #AskChristianAnything https://t.co/6ePWy1WePJ|856906812272107520
86|2017-04-25 16:24:39|tl|5|Twitter for Android|RT @leila_cardiel: @MayWard_France @MWSweetHeart1 Eto nman wooooh may epoxy hahaaa hay nako MW sge sge wag nyong tigilan hahaaaa charrrr...‚Ä¶|856906811844304896
87|2017-04-25 16:24:38|fr|5|dlvr.it|France Honors Xavier Jugel√©, Police Officer Killed in Champs-√âlys√©es Attack https://t.co/vtdbBTxHLu https://t.co/JItL9kXj8w|856906810644611072
88|2017-04-25 16:24:38|en|5|Twitter for Android|"RT @AriMelber: Countries Presidents visited by 100 Days

OBAMA
Mexico
Canada
Iraq
UK
France
Germany
Trinidad
Turkey
Czech.R

BUSH
Mexico
Ca‚Ä¶"|856906809969397762
89|2017-04-25 16:24:38|fr|5|Twitter for iPhone|RT @fiIetmignon: √ßa confirme juste ce que je pensais en fait, la France est un pays profond√©ment raciste je sais m√™me pas pourquoi j'suis √©‚Ä¶|856906809185112065
90|2017-04-25 16:24:38|fr|5|Twitter for Android|RT @photosandra1: Dans une trentaine de petites communes d'Occitanie, aucune voix pour Marine Le Pen - France 3 Occitanie https://t.co/7Gjh‚Ä¶|856906808581029889
91|2017-04-25 16:24:38|fr|5|Twitter for iPhone|RT @sk8tzrboi: c'est la france qui flambe https://t.co/etBM3X8VcH|856906807712894976
92|2017-04-25 16:24:38|fr|5|dlvr.it|Une larve d√©voreuse de plastique, nouvel espoir pour l'environnement https://t.co/hkBqVLib3p https://t.co/IGDzViBsc3|856906807054262273
93|2017-04-25 16:24:37|fr|5|Twitter for iPhone|RT @Mokobe113: DBZ version wollof a la fran√ßaise üòÇüòÇüòÇüòÇ excellent , un r√©sum√© de la politique en France √† partager au Max https://t.co/eSiRo7‚Ä¶|856906805791862785
94|2017-04-25 16:24:37|fr|5|Curious Cat|Tu serais pas belge, t'aimerai √™tre francaise ? ‚Äî Hum bonne question.. J'aime bien la France et puis ... https://t.co/mXK5aKFaCc|856906804512661504
95|2017-04-25 16:24:37|en|5|Flamingo for Android|RT @TerrorEvents: #France #Metz - Suspicious vehicle near a synagogue. The explosions you might have heard were controlled explosions. Area‚Ä¶|856906804290363392
96|2017-04-25 16:24:37|fr|5|Twitter for Android|RT @vivelesdramas: j'r√©alise pas qu'harry il A CHOISI 3 PAYS DANS LE MONDE DONT LA FRANCE|856906803803811842
97|2017-04-25 16:24:37|en|5|Twitter for iPhone|"RT @AriMelber: Countries Presidents visited by 100 Days

OBAMA
Mexico
Canada
Iraq
UK
France
Germany
Trinidad
Turkey
Czech.R

BUSH
Mexico
Ca‚Ä¶"|856906803036143616
98|2017-04-25 16:24:36|fr|5|Twitter for iPad|RT @RafikSmati: Quel leader pour la droite ? La France est-elle fractur√©e ? Rv ce soir de 18h √† 19h sur @sudradio pour un d√©bat anim√© par @‚Ä¶|856906802432286720
99|2017-04-25 16:24:36|fr|5|Twitter Web Client|RT @celine__FR: Un appel est lanc√© √† tous ceux qui aiment la France ! #SortonsMacron https://t.co/KoTAaxUXrf|856906802314739713
